Existence of educational resources - exists,Type and size of educational resources - vocational institute,Existence of educational resources - does not exist,Nb of universities by type - Lebanese University branches,Public school coverage index (number of schools per citizen),Type and size of educational resources - public schools,Type and size of educational resources - universities,Town,Governorate,Nb of universities by type - Private universities,Type and size of educational resources - private schools
0,0,1,0,0,0,0,Bireh,Mount_Lebanon_Governorate,0,0
0,0,0,0,0,0,0,A'ain El-Mir (El Establ),South_Governorate,0,0
1,0,0,0,2250,1,0,AAridet Cheikh Zennad,Akkar_Governorate,0,0
0,0,1,0,0,0,0,Aaba,North_Governorate,0,0
1,0,0,0,4000,2,0,Aabadiyeh,Mount_Lebanon_Governorate,0,0
0,0,1,0,0,0,0,Aabaydat,Mount_Lebanon_Governorate,0,0
0,0,0,0,0,0,0,Aabba,Nabatieh_Governorate,0,0
0,0,1,0,0,0,0,Mansoura.,Akkar_Governorate,0,0
1,3,0,0,21500,2,1,Aabbesiyyi,South_Governorate,1,14
1,0,0,0,0,0,0,Aabdine,North_Governorate,0,1
1,0,0,0,15000,1,0,Aabra Saida,South_Governorate,0,3
0,0,1,0,0,0,0,Aabrine,North_Governorate,0,0
1,0,0,0,0,0,0,Aachach,North_Governorate,0,2
0,0,0,0,0,0,0,Aachqout,Mount_Lebanon_Governorate,0,0
0,0,1,0,0,0,0,Aadaysseh Marjaayoun,Nabatieh_Governorate,0,0
0,0,0,0,0,0,0,Aadchit Ech-Chqif,Nabatieh_Governorate,0,0
0,0,1,0,0,0,0,Aadchit El-Qoussair,Nabatieh_Governorate,0,0
0,0,0,0,0,0,0,Aadloun,South_Governorate,0,0
1,0,0,0,1790,1,0,Aadoussiyeh,South_Governorate,0,0
0,0,1,0,0,0,0,Aafsdiq,North_Governorate,0,0
1,0,0,0,2500,2,0,Aain Aanoub,Mount_Lebanon_Governorate,0,0
1,0,0,0,700,1,0,Aain Aarab Rachaya,Beqaa_Governorate,0,0
1,0,0,0,2170,1,0,Aain Aata,Beqaa_Governorate,0,0
0,0,0,0,0,0,0,Aain Dara,Mount_Lebanon_Governorate,0,0
1,1,0,1,4260,1,1,Aain Drafil,Mount_Lebanon_Governorate,0,1
1,0,0,0,2000,1,0,Aain Ed-Delb,South_Governorate,0,2
0,0,1,0,0,0,0,Aain Ed-Delbe,Mount_Lebanon_Governorate,0,0
0,0,1,0,0,0,0,Aain Ej-Jdideh Aaley,Mount_Lebanon_Governorate,0,0
0,0,1,0,0,0,0,Aain El Saydeh,Mount_Lebanon_Governorate,0,0
0,0,1,0,0,0,0,Aain El-Ghouaybeh,Mount_Lebanon_Governorate,0,0
0,0,0,0,0,0,0,Aain El-Kharroubeh,Mount_Lebanon_Governorate,0,0
0,0,1,0,0,0,0,Aain El-Qabu,Mount_Lebanon_Governorate,0,0
0,0,0,0,0,0,0,Aain Er-Rihane,Mount_Lebanon_Governorate,0,0
0,0,1,0,0,0,0,Aain Er-Roummaneh Aaley,Mount_Lebanon_Governorate,0,0
1,1,0,0,2000,2,0,Aain Es-Sindiane,Mount_Lebanon_Governorate,0,1
0,0,1,0,0,0,0,Aain Et-Teffaha,Mount_Lebanon_Governorate,0,0
0,0,1,0,0,0,0,Aain Et-Tineh-Miniyeh,North_Governorate,0,0
1,0,0,0,3500,1,0,Aain Ez-Zeit,Akkar_Governorate,0,1
0,0,1,0,0,0,0,Aain Ez-Zeitouneh,Mount_Lebanon_Governorate,0,0
0,0,1,0,0,0,0,Aain Fraidis,Mount_Lebanon_Governorate,0,0
0,0,1,0,0,0,0,Aain Harsha,Beqaa_Governorate,0,0
0,0,1,0,0,0,0,Aain Ibl,Nabatieh_Governorate,0,0
0,0,1,0,0,0,0,Aain Jarfa,Nabatieh_Governorate,0,0
0,0,1,0,0,0,0,Aain Jrain,Mount_Lebanon_Governorate,0,0
0,0,1,0,0,0,0,Aain Kfaa,Mount_Lebanon_Governorate,0,0
1,0,0,0,5000,1,0,Aain Kfar Zabad,Beqaa_Governorate,0,0
0,0,1,0,0,0,0,Aain Ksour,Mount_Lebanon_Governorate,0,0
0,0,1,0,0,0,0,Aain Mouaffaq,Mount_Lebanon_Governorate,0,0
1,0,0,1,2140,1,1,Aain Ouzain,Mount_Lebanon_Governorate,0,0
0,0,0,0,0,0,0,Aain Qana,Nabatieh_Governorate,0,0
0,0,1,0,0,0,0,Aain Qania,Mount_Lebanon_Governorate,0,0
1,0,0,0,3000,1,0,Aain Qinia,Nabatieh_Governorate,0,0
0,0,0,0,0,0,0,Aain Saadeh,Mount_Lebanon_Governorate,0,0
1,1,0,0,566,3,0,Aain Tinta,Akkar_Governorate,0,6
0,0,1,0,0,0,0,Aain Traz,Mount_Lebanon_Governorate,0,0
1,1,0,0,3150,1,0,Aain Yaaqoub,Akkar_Governorate,0,0
1,2,0,0,1500,2,0,Aain Zebdeh,Beqaa_Governorate,0,2
0,0,1,0,0,0,0,Aain Zhalta,Mount_Lebanon_Governorate,0,0
0,0,1,0,0,0,0,Aain challal,Mount_Lebanon_Governorate,0,0
0,0,0,0,0,0,0,Aainbal,Mount_Lebanon_Governorate,0,0
1,0,0,0,1000,1,0,Aaita Ej-Jabal,Nabatieh_Governorate,0,0
1,0,0,0,6800,1,0,Aaiyat,Akkar_Governorate,0,0
0,0,0,0,0,0,0,Aajaltoun,Mount_Lebanon_Governorate,0,0
1,1,0,0,4400,5,0,Aakkar El-Aatiqa,Akkar_Governorate,0,7
0,0,1,0,0,0,0,Aaley,Mount_Lebanon_Governorate,0,0
1,0,0,0,3000,1,0,Aaley Bsatine,Mount_Lebanon_Governorate,0,1
0,0,1,0,0,0,0,Aali En-Nahri,Beqaa_Governorate,0,0
0,0,1,0,0,0,0,Aalma,North_Governorate,0,0
1,0,0,0,375,2,0,Aalma Ech-Chaab,South_Governorate,0,1
0,0,1,0,0,0,0,Aalman,Nabatieh_Governorate,0,0
0,0,1,0,0,0,0,Aalmane Ech-Chouf,Mount_Lebanon_Governorate,0,0
1,0,0,0,3000,1,0,Aamaret El-Baykat,Akkar_Governorate,0,0
1,1,0,0,1500,5,0,Aamayer,Akkar_Governorate,0,0
0,0,1,0,0,0,0,Aamchit,Mount_Lebanon_Governorate,0,0
1,0,0,0,4300,1,0,Aammatour,Mount_Lebanon_Governorate,0,0
0,0,1,0,0,0,0,Aammiq Ech-Chouf,Beqaa_Governorate,0,0
0,0,1,0,0,0,0,Aana,Beqaa_Governorate,0,0
1,0,0,0,0,0,0,Aandqet,Akkar_Governorate,0,1
1,0,0,0,0,0,0,Aanjar (Haouch Moussa),Beqaa_Governorate,0,3
0,0,1,0,0,0,0,Aanout,Mount_Lebanon_Governorate,0,0
0,0,1,0,0,0,0,Aanqoun,South_Governorate,0,0
1,0,0,0,0,0,0,Aaouaainat Aakkar,Akkar_Governorate,0,0
1,1,0,0,2800,1,0,Aaqabet Rachaya,Beqaa_Governorate,0,0
1,0,0,0,0,0,0,Aaqaibeh Kesrouane,Mount_Lebanon_Governorate,0,2
0,0,1,0,0,0,0,Aaqtanit,South_Governorate,0,0
0,0,0,0,0,0,0,Aarab Ej-Jall,South_Governorate,0,0
0,0,1,0,0,0,0,Aarab Salim,Nabatieh_Governorate,0,0
0,0,1,0,0,0,0,Aarab Tabbaya,South_Governorate,0,0
1,0,0,0,0,0,0,Aaraiya,Mount_Lebanon_Governorate,0,1
0,0,1,0,0,0,0,Aaramoun Kesrouane,Mount_Lebanon_Governorate,0,0
0,0,1,0,0,0,0,Aaramta,South_Governorate,0,0
0,0,1,0,0,0,0,Aaray,South_Governorate,0,0
0,0,0,0,0,0,0,Aarbaniyeh,Mount_Lebanon_Governorate,0,0
0,0,1,0,0,0,0,Aarbet Qozhaiya,North_Governorate,0,0
0,0,1,0,0,0,0,Aarjis,North_Governorate,0,0
0,0,1,0,0,0,0,Aarqa,Akkar_Governorate,0,0
1,1,0,0,5692,7,0,Aarsal,Baalbek-Hermel_Governorate,0,9
1,0,0,0,4000,1,0,Aassoun,North_Governorate,0,3
1,0,0,0,0,0,0,Aatchaneh,Mount_Lebanon_Governorate,0,1
1,0,0,0,0,0,0,Aathrine,Mount_Lebanon_Governorate,0,1
0,0,1,0,0,0,0,Aaychiyeh,South_Governorate,0,0
1,0,0,0,5700,1,0,Aayha,Beqaa_Governorate,0,0
1,0,0,0,2700,1,0,Aaymar,North_Governorate,0,0
0,0,0,0,0,0,0,Aaynab,Mount_Lebanon_Governorate,0,0
0,0,1,0,0,0,0,Aaynata Baalbek,Baalbek-Hermel_Governorate,0,0
0,0,0,0,0,0,0,Aaynata Bent Jbeil,Nabatieh_Governorate,0,0
1,0,0,0,2650,1,0,Aayoun Aakkar,Akkar_Governorate,0,0
0,0,0,0,0,0,0,Aayoun El-Ghizlane,Akkar_Governorate,0,0
0,0,1,0,0,0,0,Aayoun El-Matn,Mount_Lebanon_Governorate,0,0
0,0,1,0,0,0,0,Aayroun,Mount_Lebanon_Governorate,0,0
1,1,0,0,6150,2,0,Aayta Ech-Chaab,Nabatieh_Governorate,0,3
1,0,0,0,0,0,0,Aayta El-Foukhar,Beqaa_Governorate,0,1
1,3,0,0,75,8,1,Aaytanit,Beqaa_Governorate,1,4
1,0,0,0,7000,1,0,Aaytat,Mount_Lebanon_Governorate,0,0
0,0,1,0,0,0,0,Aaytit,South_Governorate,0,0
0,0,1,0,0,0,0,Aazour,South_Governorate,0,0
0,0,1,0,0,0,0,Aazqai,North_Governorate,0,0
0,0,1,0,0,0,0,Aazra ouel Aazr,Mount_Lebanon_Governorate,0,0
0,0,0,0,0,0,0,Aazzi,Nabatieh_Governorate,0,0
1,0,0,0,3750,1,0,Ablah,Beqaa_Governorate,0,1
0,0,0,0,0,0,0,Abou Mizan,Mount_Lebanon_Governorate,0,0
1,2,0,0,13,15,0,Abou Qamha,Nabatieh_Governorate,0,40
0,0,0,0,0,0,0,Adma Oua Dafine,Mount_Lebanon_Governorate,0,0
0,0,0,0,0,0,0,Adonis,Mount_Lebanon_Governorate,0,0
0,0,1,0,0,0,0,Afqa Jbeil,Mount_Lebanon_Governorate,0,0
0,0,1,0,0,0,0,Ain Aakrine,North_Governorate,0,0
0,0,0,0,0,0,0,Aintoura El-Matn,Mount_Lebanon_Governorate,0,0
1,0,0,0,0,0,1,Aintoura Kesrouane,Mount_Lebanon_Governorate,1,1
0,0,1,0,0,0,0,Aintourine,North_Governorate,0,0
0,0,0,0,0,0,0,Aitaroun,Nabatieh_Governorate,0,0
1,1,0,0,12000,1,0,Alaq,Baalbek-Hermel_Governorate,0,1
0,0,1,0,0,0,0,Almat,Mount_Lebanon_Governorate,0,0
1,0,0,0,3000,1,0,Amara,Akkar_Governorate,0,2
1,1,0,0,5750,2,0,Amioun,North_Governorate,0,2
1,0,0,0,325,2,0,Anane,South_Governorate,0,4
0,0,1,0,0,0,0,Ansar,Nabatieh_Governorate,0,0
1,0,0,0,1300,2,0,Ansar Baalbeck,Baalbek-Hermel_Governorate,0,0
1,0,0,0,0,2,1,Antelias-Naccache,Mount_Lebanon_Governorate,1,3
0,0,1,0,0,0,0,Arnoun,Nabatieh_Governorate,0,0
1,0,0,0,100,15,0,Arsoun,Mount_Lebanon_Governorate,0,15
1,0,0,0,4500,1,0,Arzai,South_Governorate,0,2
0,0,1,0,0,0,0,Arzoun,South_Governorate,0,0
0,0,1,0,0,0,0,Asnoun,North_Governorate,0,0
1,0,0,0,0,0,0,Assia,North_Governorate,0,1
0,0,1,0,0,0,0,Ayto,North_Governorate,0,0
0,0,0,0,0,0,0,Baabda-Louaizi,Mount_Lebanon_Governorate,0,0
1,0,0,0,0,1,0,Baabdat,Mount_Lebanon_Governorate,0,1
0,0,1,0,0,0,0,Baadarane,Mount_Lebanon_Governorate,0,0
1,5,0,0,12500,8,1,Baalbek,Baalbek-Hermel_Governorate,1,25
0,0,0,0,0,0,0,Baalchmay,Mount_Lebanon_Governorate,0,0
1,0,0,0,800,1,0,Baaloul West Bekaa,Beqaa_Governorate,0,0
1,0,0,0,3500,1,0,Baaouerta,Mount_Lebanon_Governorate,0,0
1,3,0,0,8100,2,1,Baaqline,Mount_Lebanon_Governorate,1,6
0,0,1,0,0,0,0,Baassir,Mount_Lebanon_Governorate,0,0
1,0,0,0,0,0,0,Bab Mareaa,Beqaa_Governorate,0,0
1,1,0,0,0,2,0,Babliyeh,South_Governorate,0,1
0,0,0,0,0,0,0,Badbhoun,North_Governorate,0,0
1,1,0,0,0,0,0,Baghdadi,Akkar_Governorate,0,4
0,0,1,0,0,0,0,Bahbouch,North_Governorate,0,0
1,1,0,0,8000,2,0,Baisour,Mount_Lebanon_Governorate,0,1
0,0,1,0,0,0,0,Baisour Jezzine,South_Governorate,0,0
0,0,1,0,0,0,0,Bakhaaoun,North_Governorate,0,0
0,0,1,0,0,0,0,Bakka,Beqaa_Governorate,0,0
0,0,1,0,0,0,0,Bakkifac Rachaya,Beqaa_Governorate,0,0
0,0,1,0,0,0,0,Balloune,Mount_Lebanon_Governorate,0,0
0,0,1,0,0,0,0,Bane,North_Governorate,0,0
0,0,1,0,0,0,0,Bany haiyane,Nabatieh_Governorate,0,0
0,0,0,0,0,0,0,Baouchriyeh el Sad,Mount_Lebanon_Governorate,0,0
0,0,0,0,0,0,0,Baraachit,Nabatieh_Governorate,0,0
0,0,1,0,0,0,0,Barghoun,North_Governorate,0,0
1,1,0,0,6750,4,0,Barja,Mount_Lebanon_Governorate,0,9
0,0,0,0,0,0,0,Barqa,Baalbek-Hermel_Governorate,0,0
1,1,0,0,10000,3,0,Barr Elias,Beqaa_Governorate,0,13
1,0,0,0,5600,1,1,Barsa,North_Governorate,1,1
0,0,1,0,0,0,0,Basateen Aakar,Akkar_Governorate,0,0
0,0,0,0,0,0,0,Baskinta,Mount_Lebanon_Governorate,0,0
0,0,0,0,0,0,0,Bater,Mount_Lebanon_Governorate,0,0
0,0,1,0,0,0,0,Batha,Mount_Lebanon_Governorate,0,0
0,0,1,0,0,0,0,Batloun,Mount_Lebanon_Governorate,0,0
0,0,1,0,0,0,0,Batoulay,South_Governorate,0,0
1,0,0,0,0,0,0,Batroumine,North_Governorate,0,1
1,1,0,0,11666,3,1,Batroun,North_Governorate,1,3
0,0,1,0,0,0,0,Bayzoun,Mount_Lebanon_Governorate,0,0
0,0,1,0,0,0,0,Bazaaoun,North_Governorate,0,0
0,0,0,0,0,0,0,Bazouriyeh,South_Governorate,0,0
0,0,0,0,0,0,0,Bchamoun,Mount_Lebanon_Governorate,0,0
0,0,1,0,0,0,0,Bchannine,North_Governorate,0,0
1,1,0,0,9652,2,0,Bcharreh,North_Governorate,0,1
0,0,1,0,0,0,0,Bcheaali,North_Governorate,0,0
1,0,0,0,2800,1,0,Bchtfine,Mount_Lebanon_Governorate,0,0
1,0,0,0,3200,1,0,Bdadoun,Mount_Lebanon_Governorate,0,1
0,0,1,0,0,0,0,Bdebba,North_Governorate,0,0
1,2,0,0,10000,6,0,Bebnine,Akkar_Governorate,0,10
1,0,0,0,0,0,0,Bechmizzine,North_Governorate,0,1
1,0,0,0,1750,1,0,Bechouat,Baalbek-Hermel_Governorate,0,0
0,0,1,0,0,0,0,Bechtoudar,North_Governorate,0,0
0,0,0,0,0,0,0,Beddaoui,North_Governorate,0,0
1,0,0,0,2000,1,0,Bedghan Oua Ouadi Bedghan,Mount_Lebanon_Governorate,0,0
0,0,0,0,0,0,0,Bedias,South_Governorate,0,0
0,0,1,0,0,0,0,Bednayel El-Koura,North_Governorate,0,0
0,0,1,0,0,0,0,Behdaydat,Mount_Lebanon_Governorate,0,0
0,0,1,0,0,0,0,Behnine,South_Governorate,0,0
0,0,1,0,0,0,0,Behouaita,North_Governorate,0,0
0,0,1,0,0,0,0,Beino,Akkar_Governorate,0,0
1,0,0,0,3000,1,0,Beit Ayoub,Akkar_Governorate,0,0
1,1,0,0,3500,1,0,Beit Chama,Baalbek-Hermel_Governorate,0,0
1,0,0,0,300,1,0,Beit Chlala,North_Governorate,0,1
0,0,1,0,0,0,0,Beit Ed-Dine,Mount_Lebanon_Governorate,0,0
1,0,0,0,1000,1,0,Beit El Haj,Akkar_Governorate,0,0
1,0,0,0,2500,2,0,Beit El-Faqs,North_Governorate,0,0
0,0,1,0,0,0,0,Beit El-Haouch,Akkar_Governorate,0,0
1,0,0,0,27000,1,0,Beit El-Kekko,Mount_Lebanon_Governorate,0,4
1,0,0,0,1765,1,0,Beit Haouik,North_Governorate,0,0
1,0,0,0,0,0,0,Beit Hbaq,Mount_Lebanon_Governorate,0,1
0,0,1,0,0,0,0,Beit Kassab,North_Governorate,0,0
1,0,0,0,0,0,0,Beit Lahia,Beqaa_Governorate,0,1
0,0,1,0,0,0,0,Beit Lif,Nabatieh_Governorate,0,0
1,0,0,0,0,0,0,Beit Mellat,Akkar_Governorate,0,1
1,1,0,0,9500,2,0,Beit Meri,Mount_Lebanon_Governorate,0,1
0,0,1,0,0,0,0,Beit Monzer,North_Governorate,0,0
1,0,0,0,2150,2,0,Beit Obeid,North_Governorate,0,1
0,0,0,0,0,0,0,Beit Yahoun,Nabatieh_Governorate,0,0
1,0,0,0,3450,1,0,Beit Younes,Akkar_Governorate,0,1
0,0,0,0,0,0,0,Bejjeh,Mount_Lebanon_Governorate,0,0
0,0,1,0,0,0,0,Bekhaaz,Mount_Lebanon_Governorate,0,0
0,0,1,0,0,0,0,Benouati Jezzine,South_Governorate,0,0
1,4,0,1,2800,5,2,Bent Jbeil,Nabatieh_Governorate,1,3
0,0,0,0,0,0,0,Beqaata Aachqout,Mount_Lebanon_Governorate,0,0
0,0,1,0,0,0,0,Beqaata Kanaan,Mount_Lebanon_Governorate,0,0
0,0,1,0,0,0,0,Berbara Aakkar,Akkar_Governorate,0,0
0,0,1,0,0,0,0,Berbara Jbeil,Mount_Lebanon_Governorate,0,0
0,0,0,0,0,0,0,Berhalioun,North_Governorate,0,0
0,0,1,0,0,0,0,Berti,South_Governorate,0,0
0,0,1,0,0,0,0,Beslouqit,North_Governorate,0,0
0,0,1,0,0,0,0,Besri Jezzine,South_Governorate,0,0
0,0,1,0,0,0,0,Bestiyat,South_Governorate,0,0
1,0,0,0,566,3,0,Bezbina,Akkar_Governorate,0,3
0,0,0,0,0,0,0,Bhamdoun Ed-Dayaa,Mount_Lebanon_Governorate,0,0
1,0,0,0,0,0,1,Bhamdoun El-Mhatta,Mount_Lebanon_Governorate,1,1
1,0,0,0,0,0,1,Bhersaf,Mount_Lebanon_Governorate,1,0
0,0,1,0,0,0,0,Bichtlida,Mount_Lebanon_Governorate,0,0
0,0,1,0,0,0,0,Bijdarfil,North_Governorate,0,0
0,0,0,0,0,0,0,Bikfaya,Mount_Lebanon_Governorate,0,0
1,0,0,0,2000,1,0,Binnay,Mount_Lebanon_Governorate,0,0
0,0,1,0,0,0,0,Bintaael,Mount_Lebanon_Governorate,0,0
1,2,0,0,2825,4,0,Biret Aakkar,Akkar_Governorate,0,3
1,0,0,0,6000,2,0,Biret Rachaya,Beqaa_Governorate,0,0
0,0,1,0,0,0,0,Bisrin,Mount_Lebanon_Governorate,0,0
0,0,1,0,0,0,0,Bissariyeh,South_Governorate,0,0
0,0,0,0,0,0,0,Biyad,South_Governorate,0,0
0,0,1,0,0,0,0,Bizhel,Mount_Lebanon_Governorate,0,0
1,1,0,0,95,10,0,Bkassine,South_Governorate,0,3
1,0,0,0,0,0,0,Bkeftine,North_Governorate,0,1
0,0,1,0,0,0,0,Bkhichtay,Mount_Lebanon_Governorate,0,0
1,2,0,0,133,3,0,Blaouza,North_Governorate,0,2
1,0,0,0,2795,1,0,Blat Marjaayoun,Nabatieh_Governorate,0,0
0,0,1,0,0,0,0,Blaybel,Mount_Lebanon_Governorate,0,0
1,0,0,0,2500,1,0,Blida,Nabatieh_Governorate,0,0
0,0,1,0,0,0,0,Bmahray,Mount_Lebanon_Governorate,0,0
0,0,1,0,0,0,0,Bmakine,Mount_Lebanon_Governorate,0,0
0,0,1,0,0,0,0,Bmaryam,Mount_Lebanon_Governorate,0,0
1,0,0,0,5200,1,0,Bnaafoul,South_Governorate,0,0
0,0,1,0,0,0,0,Bnabil,Mount_Lebanon_Governorate,0,0
1,3,0,0,90,5,1,Bnehran,North_Governorate,1,5
0,0,1,0,0,0,0,Bnoueiti,Mount_Lebanon_Governorate,0,0
0,0,0,0,0,0,0,Bohayra,North_Governorate,0,0
0,0,1,0,0,0,0,Bohwara,Mount_Lebanon_Governorate,0,0
1,0,0,0,2500,1,0,Borj Aakkar,Akkar_Governorate,0,0
0,0,1,0,0,0,0,Borj El-Moulouk,Nabatieh_Governorate,0,0
0,0,1,0,0,0,0,Borj El-Yahoudiyeh,North_Governorate,0,0
1,0,0,0,4350,1,0,Borj En-Naqoura,South_Governorate,0,0
1,0,0,0,6300,1,0,Borj Rahhal,South_Governorate,0,0
0,0,0,0,0,0,0,Borj qalaouiyeh,Nabatieh_Governorate,0,0
0,0,1,0,0,0,0,Botmeh,Mount_Lebanon_Governorate,0,0
0,0,1,0,0,0,0,Bouaida,Nabatieh_Governorate,0,0
0,0,1,0,0,0,0,Bouar,Mount_Lebanon_Governorate,0,0
1,0,0,0,3000,1,0,Bouarej,Beqaa_Governorate,0,0
0,0,0,0,0,0,0,Boulhos,Mount_Lebanon_Governorate,0,0
1,4,0,0,3500,2,0,Bourj El Arab,Akkar_Governorate,0,4
1,1,0,0,27500,8,1,Bourj El-Brajneh,Mount_Lebanon_Governorate,1,54
0,0,0,0,0,0,0,Bourj Hammoud,Mount_Lebanon_Governorate,0,0
0,0,1,0,0,0,0,Bourjein,Mount_Lebanon_Governorate,0,0
0,0,1,0,0,0,0,Boussit,North_Governorate,0,0
1,0,0,0,1400,1,0,Boustane,South_Governorate,0,0
1,1,0,0,1200,1,0,Boustane Heresh,Akkar_Governorate,0,1
0,0,1,0,0,0,0,Boutchay,Mount_Lebanon_Governorate,0,0
0,0,0,0,0,0,0,Bqaa Kafra,North_Governorate,0,0
0,0,1,0,0,0,0,Bqaa Sefrine,North_Governorate,0,0
0,0,1,0,0,0,0,Bqaatouta,Mount_Lebanon_Governorate,0,0
0,0,0,0,0,0,0,Bqarsouna,North_Governorate,0,0
1,0,0,0,0,0,0,Bqerqacha,North_Governorate,0,0
1,0,0,0,750,2,0,Bqerzla,Akkar_Governorate,0,1
1,0,0,0,0,0,0,Bqosta,South_Governorate,0,2
1,0,0,0,3200,1,0,Braiqeaa,Nabatieh_Governorate,0,0
1,0,0,0,0,0,1,Bramiyeh,South_Governorate,1,2
0,0,1,0,0,0,0,Breissat,North_Governorate,0,0
1,0,0,0,4000,1,0,Brih,Mount_Lebanon_Governorate,0,0
1,1,0,0,12500,2,0,Brital,Baalbek-Hermel_Governorate,0,8
0,0,0,0,0,0,0,Broummana El-Matn,Mount_Lebanon_Governorate,0,0
0,0,1,0,0,0,0,Bsaba Baabda,Mount_Lebanon_Governorate,0,0
0,0,1,0,0,0,0,Bsaba Ech-Chouf,Mount_Lebanon_Governorate,0,0
0,0,1,0,0,0,0,Bsalim,Mount_Lebanon_Governorate,0,0
0,0,1,0,0,0,0,Bsalya,South_Governorate,0,0
0,0,1,0,0,0,0,Bsarma,North_Governorate,0,0
0,0,0,0,0,0,0,Bsous,Mount_Lebanon_Governorate,0,0
0,0,1,0,0,0,0,Btaaboura,North_Governorate,0,0
0,0,1,0,0,0,0,Btalloun,Mount_Lebanon_Governorate,0,0
0,0,0,0,0,0,0,Btater,Mount_Lebanon_Governorate,0,0
1,0,0,0,0,0,0,Btedaai,Baalbek-Hermel_Governorate,0,1
1,0,0,0,0,0,0,Btedine El-Leqch,South_Governorate,0,0
1,0,0,0,2500,2,0,Bteghrine,Mount_Lebanon_Governorate,0,1
1,0,0,0,800,1,0,Btekhnay,Mount_Lebanon_Governorate,0,0
1,0,0,0,7500,1,0,Btermaz,North_Governorate,0,0
1,0,0,0,875,2,0,Bterram,North_Governorate,0,1
1,0,0,0,700,1,0,Btouratij,North_Governorate,0,2
1,0,0,0,12200,1,0,Byaqout,Mount_Lebanon_Governorate,0,1
1,1,0,0,3300,1,0,Bzal,Akkar_Governorate,0,1
1,1,0,0,1300,1,0,Bziza,North_Governorate,0,0
0,0,1,0,0,0,0,Bzoummar,Mount_Lebanon_Governorate,0,0
1,0,0,0,2500,2,0,Chaaitiyeh-Malkiyah,South_Governorate,0,0
0,0,0,0,0,0,0,Chaat,Baalbek-Hermel_Governorate,0,0
1,1,0,0,0,0,0,Chadra,Akkar_Governorate,0,0
0,0,0,0,0,0,0,Chahtoul,Mount_Lebanon_Governorate,0,0
0,0,0,0,0,0,0,Chamaa,South_Governorate,0,0
1,0,0,0,550,1,0,Chamate,Mount_Lebanon_Governorate,0,1
0,0,1,0,0,0,0,Chanay,Mount_Lebanon_Governorate,0,0
1,0,0,0,2700,1,0,Chane,Akkar_Governorate,0,0
0,0,0,0,0,0,0,Chaouiyeh,Mount_Lebanon_Governorate,0,0
1,0,0,0,344,1,0,Chaqdouf,Akkar_Governorate,0,0
0,0,1,0,0,0,0,Charbila,Akkar_Governorate,0,0
1,0,0,0,2000,1,0,Charbine El-Hermel,Baalbek-Hermel_Governorate,0,0
1,0,0,0,12300,1,0,Charoun,Mount_Lebanon_Governorate,0,1
1,0,0,0,0,1,0,Charqiyeh,Nabatieh_Governorate,0,1
0,0,1,0,0,0,0,Chartoun,Mount_Lebanon_Governorate,0,0
1,0,0,0,21000,2,0,Chebaa,Nabatieh_Governorate,0,0
1,0,0,0,5666,3,0,Chehabiyeh,South_Governorate,0,0
0,0,1,0,0,0,0,Chehabiyeh Faour,Beqaa_Governorate,0,0
0,0,0,0,0,0,0,Chehour,South_Governorate,0,0
1,0,0,0,6000,1,0,Cheikh Ayash,Akkar_Governorate,0,0
1,1,0,0,2250,1,0,Cheikh Mohammad,Akkar_Governorate,0,3
1,1,0,0,1750,2,0,Cheikh Taba,Akkar_Governorate,0,1
1,0,0,0,3000,1,0,Cheikh Zennad,Akkar_Governorate,0,0
1,0,0,0,2500,2,0,Cheikhlar,Akkar_Governorate,0,2
1,1,0,0,9000,5,0,Chhim,Mount_Lebanon_Governorate,0,3
0,0,1,0,0,0,0,Chibtine,North_Governorate,0,0
0,0,1,0,0,0,0,Chihine,South_Governorate,0,0
0,0,1,0,0,0,0,Chikhane,Mount_Lebanon_Governorate,0,0
0,0,0,0,0,0,0,Chikka,North_Governorate,0,0
1,0,0,0,0,0,0,Chimlane,Mount_Lebanon_Governorate,0,1
1,1,0,0,11500,5,0,Chiyah,Mount_Lebanon_Governorate,0,6
0,0,1,0,0,0,0,Chlifa,Baalbek-Hermel_Governorate,0,0
0,0,0,0,0,0,0,Chmistar,Baalbek-Hermel_Governorate,0,0
0,0,1,0,0,0,0,Chnanaair,Mount_Lebanon_Governorate,0,0
0,0,1,0,0,0,0,Choualiq Jezzine,South_Governorate,0,0
1,0,0,0,3895,1,0,Chouaya Hasbaiya,Nabatieh_Governorate,0,0
0,0,0,0,0,0,0,Chouaya Maten,Mount_Lebanon_Governorate,0,0
1,1,0,0,61818,11,1,Choueifat El-Aamrousiyeh,Mount_Lebanon_Governorate,1,20
0,0,1,0,0,0,0,Chouit,Mount_Lebanon_Governorate,0,0
1,0,0,0,2596,1,0,Choukine,Nabatieh_Governorate,0,0
1,0,0,0,0,0,0,Chourit,Mount_Lebanon_Governorate,0,2
0,0,1,0,0,0,0,Chtaura,Beqaa_Governorate,0,0
1,0,0,0,0,0,0,Daghleh,Akkar_Governorate,0,0
1,2,0,1,550,10,3,Dahr El-Ahmar,Beqaa_Governorate,2,6
0,0,0,0,0,0,0,Dahr El-Maghara,Mount_Lebanon_Governorate,0,0
1,0,0,0,250,4,0,Dahr El-Qanbar,Akkar_Governorate,0,0
0,0,1,0,0,0,0,Dahr Es-Souane El-Matn,Mount_Lebanon_Governorate,0,0
0,0,1,0,0,0,0,Dahr Laissine,Akkar_Governorate,0,0
1,0,0,0,2562,1,0,Dalhoun,Mount_Lebanon_Governorate,0,0
0,0,1,0,0,0,0,Damalsa,Mount_Lebanon_Governorate,0,0
1,1,0,0,5400,1,1,Damour,Mount_Lebanon_Governorate,1,2
1,0,0,0,6000,1,0,Daoura,Akkar_Governorate,0,0
0,0,0,0,0,0,0,Daqqoun,Mount_Lebanon_Governorate,0,0
1,0,0,0,0,0,0,Dar Baaechtar,North_Governorate,0,1
0,0,1,0,0,0,0,Dar Chmizzine,North_Governorate,0,0
0,0,0,0,0,0,0,Daraaoun,Mount_Lebanon_Governorate,0,0
1,1,0,0,5200,1,0,Daraiya Ech-Chouf,Mount_Lebanon_Governorate,0,4
0,0,1,0,0,0,0,Daraiya Kesrouane,Mount_Lebanon_Governorate,0,0
1,0,0,0,7500,1,0,Darb Es-Sim,South_Governorate,0,2
0,0,1,0,0,0,0,Darine,Akkar_Governorate,0,0
0,0,0,0,0,0,0,Dayshouniyi,Mount_Lebanon_Governorate,0,0
1,0,0,0,1500,2,0,Debaal Menie,North_Governorate,0,0
0,0,0,0,0,0,0,Debaal Sour,South_Governorate,0,0
0,0,1,0,0,0,0,Debl,Nabatieh_Governorate,0,0
1,1,0,0,16165,1,1,Deddeh,North_Governorate,1,1
1,0,0,0,3200,1,0,Deir Aames,South_Governorate,0,0
1,1,0,0,4250,4,0,Deir Aammar,North_Governorate,0,2
0,0,1,0,0,0,0,Deir Baba,Mount_Lebanon_Governorate,0,0
0,0,1,0,0,0,0,Deir Billa,North_Governorate,0,0
0,0,1,0,0,0,0,Deir Chamra,Mount_Lebanon_Governorate,0,0
1,1,0,0,13500,1,0,Deir Dalloum,Akkar_Governorate,0,2
0,0,1,0,0,0,0,Deir Dourit,Mount_Lebanon_Governorate,0,0
1,0,0,0,1275,1,0,Deir El-Aachayer,Beqaa_Governorate,0,0
1,1,0,0,6000,2,0,Deir El-Ahmar,Baalbek-Hermel_Governorate,0,1
0,0,1,0,0,0,0,Deir El-Ghazal,Beqaa_Governorate,0,0
1,0,0,0,0,0,0,Deir El-harf,Mount_Lebanon_Governorate,0,1
0,0,0,0,0,0,0,Deir Ez-Zahrani,Nabatieh_Governorate,0,0
0,0,1,0,0,0,0,Deir Jannine,Akkar_Governorate,0,0
1,0,0,0,2250,2,0,Deir Kifa,South_Governorate,0,0
1,0,0,0,860,1,0,Deir Koucheh,Mount_Lebanon_Governorate,0,1
0,0,1,0,0,0,0,Deir Mimas,Nabatieh_Governorate,0,0
0,0,1,0,0,0,0,Deir Nbouh,North_Governorate,0,0
1,0,0,0,7200,1,0,Deir Ntar,Nabatieh_Governorate,0,0
0,0,1,0,0,0,0,Deir Qanoun El-Aain,South_Governorate,0,0
1,0,0,0,9000,1,0,Deir Qanoun En-Nahr,South_Governorate,0,0
0,0,0,0,0,0,0,Deir Qoubel,Mount_Lebanon_Governorate,0,0
1,0,0,0,3000,1,0,Deir Siriane,Nabatieh_Governorate,0,0
0,0,0,0,0,0,0,Dekouaneh,Mount_Lebanon_Governorate,0,0
0,0,1,0,0,0,0,Dellafeh,Nabatieh_Governorate,0,0
1,0,0,0,1975,1,0,Derdaghaiya,South_Governorate,0,0
0,0,0,0,0,0,0,Dfoun,Mount_Lebanon_Governorate,0,0
0,0,1,0,0,0,0,Dhayra,South_Governorate,0,0
0,0,1,0,0,0,0,Dhour el hawa,North_Governorate,0,0
1,0,0,0,1300,1,0,Dibbabiyeh,Akkar_Governorate,0,0
0,0,1,0,0,0,0,Dibbine,Nabatieh_Governorate,0,0
1,0,0,1,0,0,2,Dibbiyeh,Mount_Lebanon_Governorate,1,2
1,0,0,0,0,0,1,Dik El-Mehdi,Mount_Lebanon_Governorate,1,2
0,0,1,0,0,0,0,Dimane,North_Governorate,0,0
0,0,0,0,0,0,0,Dlebta,Mount_Lebanon_Governorate,0,0
0,0,1,0,0,0,0,Dmit,Mount_Lebanon_Governorate,0,0
1,0,0,0,0,0,0,Douair Aadouiyeh,Akkar_Governorate,0,0
0,0,0,0,0,0,0,Douair En-Nabatiyeh,Nabatieh_Governorate,0,0
1,1,0,0,1600,2,0,Douma,North_Governorate,0,0
1,1,0,2,9450,2,2,Douris,Baalbek-Hermel_Governorate,0,5
1,0,0,0,1250,1,0,Edde El-Batroun,North_Governorate,0,1
1,2,0,0,0,0,0,Eddeh Jbeil,Mount_Lebanon_Governorate,0,0
0,0,1,0,0,0,0,Eghbe,Mount_Lebanon_Governorate,0,0
1,0,0,0,2250,2,0,Ehmej,Mount_Lebanon_Governorate,0,1
1,1,0,0,5000,3,0,Ein el Dahab,Akkar_Governorate,0,4
1,0,0,0,9000,2,0,El Ain,Baalbek-Hermel_Governorate,0,4
0,0,1,0,0,0,0,El Ghabe,Mount_Lebanon_Governorate,0,0
1,0,0,0,1425,2,0,El Kfeir,Nabatieh_Governorate,0,1
0,0,0,0,0,0,0,El Manara,Beqaa_Governorate,0,0
0,0,1,0,0,0,0,El Marej,Beqaa_Governorate,0,0
1,4,0,0,81,6,0,En-Nahriyyi,Akkar_Governorate,0,9
1,0,0,0,3500,2,0,Enfeh,North_Governorate,0,0
0,0,0,0,0,0,0,Erkay,South_Governorate,0,0
0,0,0,0,0,0,0,Falougha,Mount_Lebanon_Governorate,0,0
1,0,0,2,0,0,2,Fanar,Mount_Lebanon_Governorate,0,4
0,0,1,0,0,0,0,Faraya,Mount_Lebanon_Governorate,0,0
1,0,0,0,950,1,0,Fard,Akkar_Governorate,0,0
1,3,0,0,110,10,0,Fardis Hasbaiya,Nabatieh_Governorate,0,7
1,0,0,0,0,0,0,Fatqa,Mount_Lebanon_Governorate,0,1
0,0,1,0,0,0,0,Fatre,Mount_Lebanon_Governorate,0,0
0,0,0,0,0,0,0,Faytroun,Mount_Lebanon_Governorate,0,0
1,0,0,0,4500,4,0,Fekehe,Baalbek-Hermel_Governorate,0,5
0,0,1,0,0,0,0,Ferhet,Mount_Lebanon_Governorate,0,0
0,0,1,0,0,0,0,Fghal,Mount_Lebanon_Governorate,0,0
1,0,0,0,0,0,0,Fiaa,North_Governorate,0,1
1,0,0,0,3700,1,0,Fikani,Beqaa_Governorate,0,0
1,0,0,0,950,1,0,Fisan,Baalbek-Hermel_Governorate,0,0
1,1,0,0,8500,4,0,Fnaydek,Akkar_Governorate,0,4
0,0,1,0,0,0,0,Fouara,Mount_Lebanon_Governorate,0,0
0,0,0,0,0,0,0,Fourzol,Beqaa_Governorate,0,0
1,0,0,0,750,1,0,Fraides,Akkar_Governorate,0,0
0,0,1,0,0,0,0,Fraikeh,Mount_Lebanon_Governorate,0,0
0,0,1,0,0,0,0,Fraudis Ech-Chouf,Mount_Lebanon_Governorate,0,0
0,0,1,0,0,0,0,Froun,Nabatieh_Governorate,0,0
1,1,0,2,0,3,3,Furn Ech-Chebbak,Mount_Lebanon_Governorate,1,5
0,0,1,0,0,0,0,Ghabat,Mount_Lebanon_Governorate,0,0
1,0,0,0,2500,1,0,Ghaboune,Mount_Lebanon_Governorate,0,0
1,0,0,0,378,1,0,Ghalboun,Mount_Lebanon_Governorate,0,2
0,0,1,0,0,0,0,Ghandouriyet Bent Jbeil,Nabatieh_Governorate,0,0
0,0,1,0,0,0,0,Gharzouz,Mount_Lebanon_Governorate,0,0
1,0,0,0,5000,1,0,Ghassaniyeh,South_Governorate,0,0
0,0,1,0,0,0,0,Ghazayleh,Akkar_Governorate,0,0
0,0,0,0,0,0,0,Ghazir,Mount_Lebanon_Governorate,0,0
1,0,0,0,17500,2,0,Ghaziyeh,South_Governorate,0,3
1,0,0,0,3000,2,0,Ghazzeh,Beqaa_Governorate,0,1
1,0,0,0,0,0,0,Ghbaet Bolonya,Mount_Lebanon_Governorate,0,1
1,0,0,0,0,0,0,Ghbaleh Kesrouane,Mount_Lebanon_Governorate,0,1
0,0,1,0,0,0,0,Ghbatiyeh,South_Governorate,0,0
0,0,1,0,0,0,0,Ghidras,Mount_Lebanon_Governorate,0,0
0,0,1,0,0,0,0,Ghineh,Mount_Lebanon_Governorate,0,0
1,3,0,1,25000,8,3,Ghobairi,Mount_Lebanon_Governorate,2,39
0,0,1,0,0,0,0,Ghoifine,Mount_Lebanon_Governorate,0,0
1,0,0,0,4250,1,0,Ghosta,Mount_Lebanon_Governorate,0,1
1,0,0,0,6500,2,0,Habbouch En-Nabatiyeh,Nabatieh_Governorate,0,3
0,0,0,0,0,0,0,Habil,Mount_Lebanon_Governorate,0,0
0,0,0,0,0,0,0,Hadath Baalback,Baalbek-Hermel_Governorate,0,0
1,0,0,0,0,0,0,Hadath Ej-Jebbeh,North_Governorate,0,1
1,1,0,1,59750,2,3,Hadath-Sbeineh,Mount_Lebanon_Governorate,2,20
0,0,1,0,0,0,0,Hadchit,North_Governorate,0,0
0,0,0,0,0,0,0,Haddatha,Nabatieh_Governorate,0,0
0,0,1,0,0,0,0,Hajjeh,South_Governorate,0,0
0,0,1,0,0,0,0,Hakel,Mount_Lebanon_Governorate,0,0
1,0,0,0,2500,1,0,Hakour,Akkar_Governorate,0,0
1,0,0,0,10000,1,0,Halate,Mount_Lebanon_Governorate,0,0
1,4,0,1,4666,3,2,Halba,Akkar_Governorate,1,4
1,0,0,0,6500,1,0,Halbata,Baalbek-Hermel_Governorate,0,0
1,0,0,0,4000,1,0,Halloussiyeh,South_Governorate,0,0
1,0,0,0,4700,1,0,Hamat,North_Governorate,0,0
1,2,0,0,361,3,0,Hammana,Mount_Lebanon_Governorate,0,3
1,1,0,0,3000,1,0,Hanaouay,South_Governorate,0,1
0,0,0,0,0,0,0,Hanine,Nabatieh_Governorate,0,0
0,0,1,0,0,0,0,Haouch El Qinnabeh Rachaya,Beqaa_Governorate,0,0
0,0,1,0,0,0,0,Haouch El-Harime,Beqaa_Governorate,0,0
1,0,0,0,2500,1,0,Haouch En-Nabi,Baalbek-Hermel_Governorate,0,0
1,0,0,0,3500,2,0,Haouch Er-Rafqa,Baalbek-Hermel_Governorate,0,1
0,0,1,0,0,0,0,Haouch Hala,Beqaa_Governorate,0,0
0,0,0,0,0,0,0,Haouch Snaid,Baalbek-Hermel_Governorate,0,0
1,0,0,0,2500,1,0,Haouch Tall Safiyeh,Baalbek-Hermel_Governorate,0,0
0,0,1,0,0,0,0,Haouche Barada,Baalbek-Hermel_Governorate,0,0
1,0,0,0,871,1,0,Haql el Aazimeh,North_Governorate,0,0
1,0,0,0,10000,1,0,Harabta,Baalbek-Hermel_Governorate,0,0
0,0,1,0,0,0,0,Haret Es-Sit,Mount_Lebanon_Governorate,0,0
0,0,1,0,0,0,0,Haret Fouar,North_Governorate,0,0
1,4,0,0,33333,3,2,Haret Hreik,Mount_Lebanon_Governorate,2,14
0,0,1,0,0,0,0,Haret Jandal,Mount_Lebanon_Governorate,0,0
1,0,0,0,25000,2,0,Haret Saida,South_Governorate,0,2
0,0,1,0,0,0,0,Harf,South_Governorate,0,0
0,0,1,0,0,0,0,Harf Es-Sayad,North_Governorate,0,0
0,0,0,0,0,0,0,Haris,Nabatieh_Governorate,0,0
1,0,0,0,16198,1,0,Harouf,Nabatieh_Governorate,0,3
1,1,0,0,3070,4,0,Hasbaiya,Nabatieh_Governorate,0,5
0,0,1,0,0,0,0,Hasbaiya El-Matn,Mount_Lebanon_Governorate,0,0
0,0,1,0,0,0,0,Hasrayel,Mount_Lebanon_Governorate,0,0
1,1,0,0,6600,1,0,Hasroun,North_Governorate,0,2
0,0,0,0,0,0,0,Hasrout,Mount_Lebanon_Governorate,0,0
1,1,0,0,2100,2,0,Hayshe,Akkar_Governorate,0,0
1,1,0,0,4000,2,0,Hayssa,Akkar_Governorate,0,1
1,0,0,0,1300,1,0,Haytla,Akkar_Governorate,0,0
0,0,1,0,0,0,0,Haytoura,South_Governorate,0,0
1,0,0,0,3000,1,0,Hayzouq,Akkar_Governorate,0,1
0,0,0,0,0,0,0,Hazerta,Beqaa_Governorate,0,0
0,0,0,0,0,0,0,Hazmiyah,Mount_Lebanon_Governorate,0,0
0,0,1,0,0,0,0,Hazmiyet-Miniyeh,North_Governorate,0,0
0,0,1,0,0,0,0,Hdeine,Mount_Lebanon_Governorate,0,0
1,0,0,0,7305,1,0,Hebbariyeh,Nabatieh_Governorate,0,1
0,0,1,0,0,0,0,Hedd,Akkar_Governorate,0,0
1,0,0,0,650,1,0,Helouet Rachaya,Beqaa_Governorate,0,0
0,0,0,0,0,0,0,Henniyeh,South_Governorate,0,0
1,0,0,0,1000,1,0,Heri,North_Governorate,0,0
1,5,0,0,3818,11,0,Hermel,Baalbek-Hermel_Governorate,0,9
0,0,1,0,0,0,0,Hidab,South_Governorate,0,0
1,0,0,0,3500,1,0,Hilan,North_Governorate,0,0
0,0,0,0,0,0,0,Himlaya,Mount_Lebanon_Governorate,0,0
0,0,1,0,0,0,0,Hizzine,Baalbek-Hermel_Governorate,0,0
0,0,1,0,0,0,0,Hjoula,Mount_Lebanon_Governorate,0,0
1,0,0,0,1200,1,0,Hlaliyeh,Mount_Lebanon_Governorate,0,0
0,0,0,0,0,0,0,Hlaliyeh Saida,South_Governorate,0,0
1,0,0,0,1100,1,0,Hmaireh Aakkar,Akkar_Governorate,0,0
0,0,1,0,0,0,0,Hmairi Sour,South_Governorate,0,0
1,0,0,0,2250,1,0,Hocheb,Akkar_Governorate,0,0
0,0,0,0,0,0,0,Homsiyeh,South_Governorate,0,0
1,0,0,0,2500,2,0,Houaich,Akkar_Governorate,0,1
0,0,0,0,0,0,0,Houla,Nabatieh_Governorate,0,0
1,0,0,0,5200,1,0,Houmine El-Faouqa,Nabatieh_Governorate,0,0
1,0,0,0,5600,1,0,Houmine Et-Tahta,Nabatieh_Governorate,0,0
1,0,0,0,200,1,0,Howara,North_Governorate,0,0
0,0,0,0,0,0,0,Hrajel,Mount_Lebanon_Governorate,0,0
1,0,0,0,2750,2,0,Hrar,Akkar_Governorate,0,2
1,0,0,0,1780,1,0,Hsarat,Mount_Lebanon_Governorate,0,0
0,0,1,0,0,0,0,Hsayn,Mount_Lebanon_Governorate,0,0
1,0,0,0,0,1,0,Hsoun,Mount_Lebanon_Governorate,0,0
1,0,0,0,0,0,0,Iaat,Baalbek-Hermel_Governorate,0,1
1,0,0,0,0,0,0,Ibl Es-Saqi,Nabatieh_Governorate,0,0
1,0,0,0,3000,1,0,Idbil,Akkar_Governorate,0,0
0,0,1,0,0,0,0,Ighmid,Mount_Lebanon_Governorate,0,0
0,0,1,0,0,0,0,Ijbaa,North_Governorate,0,0
0,0,1,0,0,0,0,Ijdaabrine,North_Governorate,0,0
1,0,0,0,1300,1,0,Ilat,Akkar_Governorate,0,0
1,0,0,0,3375,2,0,Insariyeh,South_Governorate,0,0
0,0,1,0,0,0,0,Izal,North_Governorate,0,0
0,0,0,0,0,0,0,Jaaita,Mount_Lebanon_Governorate,0,0
1,0,0,0,0,0,1,Jadra,Mount_Lebanon_Governorate,1,1
0,0,0,0,0,0,0,Jahliyeh,Mount_Lebanon_Governorate,0,0
1,0,0,0,0,0,0,Jaj,Mount_Lebanon_Governorate,0,1
1,0,0,1,33700,1,2,Jall Ed-Dib,Mount_Lebanon_Governorate,1,1
0,0,0,0,0,0,0,Janneh Mar Sarkis,Mount_Lebanon_Governorate,0,0
1,0,0,0,200,1,0,Jarbata,North_Governorate,0,4
1,0,0,0,4000,1,0,Jarjouaa,Nabatieh_Governorate,0,0
0,0,1,0,0,0,0,Jarmaq,South_Governorate,0,0
1,0,0,0,400,1,0,Jbaa En-Nabatiyeh,Mount_Lebanon_Governorate,0,0
1,1,0,0,1131,3,0,Jbaa En-Nabatiyeh-Ein-Boswar,Nabatieh_Governorate,0,0
1,0,0,0,2500,1,0,Jbal El-Botm,South_Governorate,0,1
1,2,0,0,12000,4,0,Jbeil,Mount_Lebanon_Governorate,0,4
0,0,1,0,0,0,0,Jbouleh,Baalbek-Hermel_Governorate,0,0
0,0,1,0,0,0,0,Jdaidet Ghazir,Mount_Lebanon_Governorate,0,0
1,2,0,0,1250,2,0,Jdaidet Marjaayoun,Nabatieh_Governorate,0,3
1,1,0,0,8000,2,0,Jdeidet Ech-Chouf,Mount_Lebanon_Governorate,0,1
0,0,1,0,0,0,0,Jdidet Ej-Joumeh,Akkar_Governorate,0,0
0,0,1,0,0,0,0,Jdita,Beqaa_Governorate,0,0
1,0,0,0,0,0,0,Jebrayel,Akkar_Governorate,0,1
0,0,1,0,0,0,0,Jenjlaya,South_Governorate,0,0
0,0,0,0,0,0,0,Jennata,South_Governorate,0,0
0,0,1,0,0,0,0,Jensnaya,South_Governorate,0,0
1,0,0,0,1800,1,0,Jenta,Baalbek-Hermel_Governorate,0,0
0,0,1,0,0,0,0,Jeoddayel Jbeil,Mount_Lebanon_Governorate,0,0
1,0,0,0,2500,1,0,Jermanya,Akkar_Governorate,0,0
0,0,1,0,0,0,0,Jernaya,South_Governorate,0,0
1,1,0,0,5000,3,0,Jezzine-Ain Majdelin,South_Governorate,0,1
1,0,0,0,9000,2,0,Jibchit,Nabatieh_Governorate,0,4
0,0,1,0,0,0,0,Jiyeh,Mount_Lebanon_Governorate,0,0
0,0,1,0,0,0,0,Jmailiyeh,Mount_Lebanon_Governorate,0,0
0,0,1,0,0,0,0,Jouaiya,South_Governorate,0,0
1,0,0,0,130,10,0,Jouar El-Haouz,Mount_Lebanon_Governorate,0,5
1,1,0,0,4100,2,1,Joubb Jannine,Beqaa_Governorate,1,3
0,0,0,0,0,0,0,Joun,Mount_Lebanon_Governorate,0,0
0,0,0,0,0,0,0,Jounie,Mount_Lebanon_Governorate,0,0
1,1,0,0,18,5,0,Jouret Arsoun,Mount_Lebanon_Governorate,0,9
0,0,0,0,0,0,0,Jouret Bedrane,Mount_Lebanon_Governorate,0,0
0,0,0,0,0,0,0,Jouret E-Tourmos,Mount_Lebanon_Governorate,0,0
1,0,0,0,0,0,0,Jouret El-Ballout,Mount_Lebanon_Governorate,0,1
0,0,1,0,0,0,0,Kafr,Mount_Lebanon_Governorate,0,0
0,0,0,0,0,0,0,Kafr Harra,Akkar_Governorate,0,0
0,0,0,0,0,0,0,Kafr Hatna,North_Governorate,0,0
0,0,1,0,0,0,0,Kafr Jarrah,South_Governorate,0,0
0,0,1,0,0,0,0,Kafr Saroun,North_Governorate,0,0
1,0,0,0,1100,1,0,Kafr horra,North_Governorate,0,0
1,0,0,0,1400,2,0,Kafra Bent Jbeil,Nabatieh_Governorate,0,1
1,0,0,0,1600,1,0,Kafraiya West Bekaa,Beqaa_Governorate,0,0
1,0,0,0,2000,1,0,Kafraya El-Koura,North_Governorate,0,0
0,0,0,0,0,0,0,Kafrkida,Mount_Lebanon_Governorate,0,0
1,0,0,0,110,1,0,Kafrnoun,Akkar_Governorate,0,1
0,0,1,0,0,0,0,Kafrya,South_Governorate,0,0
0,0,1,0,0,0,0,Kaftoun,North_Governorate,0,0
1,0,0,0,665,1,0,Kahef Maloul,North_Governorate,0,0
0,0,0,0,0,0,0,Kahhaleh,Mount_Lebanon_Governorate,0,0
0,0,1,0,0,0,0,Kahlouniet Ech-Chouf,Mount_Lebanon_Governorate,0,0
1,0,0,0,0,0,0,Kamed El-Laouz,Beqaa_Governorate,0,4
1,0,0,0,500,2,0,Kaoukaba Bou Arab,Beqaa_Governorate,0,0
0,0,0,0,0,0,0,Kaoukaba Hasbaiya,Nabatieh_Governorate,0,0
1,0,0,0,3000,1,0,Kaoutariyet Es-Siyad,South_Governorate,0,1
0,0,0,0,0,0,0,Karkha,South_Governorate,0,0
0,0,1,0,0,0,0,Karm El-Mohr,North_Governorate,0,0
1,1,0,0,1200,1,0,Karm Saddeh,North_Governorate,0,1
0,0,1,0,0,0,0,Karm Zebdine,Akkar_Governorate,0,0
1,1,0,0,10500,1,0,Ketermaya,Mount_Lebanon_Governorate,0,2
0,0,1,0,0,0,0,Keyfoun,Mount_Lebanon_Governorate,0,0
0,0,1,0,0,0,0,Kfar Aabida,North_Governorate,0,0
0,0,1,0,0,0,0,Kfar Aamay,Mount_Lebanon_Governorate,0,0
0,0,1,0,0,0,0,Kfar Aaqab,Mount_Lebanon_Governorate,0,0
1,1,0,0,1333,3,1,Kfar Aaqqa,North_Governorate,1,0
0,0,1,0,0,0,0,Kfar Baal,Mount_Lebanon_Governorate,0,0
0,0,1,0,0,0,0,Kfar Beit,South_Governorate,0,0
1,0,0,0,3185,1,0,Kfar Bibnine,North_Governorate,0,0
0,0,1,0,0,0,0,Kfar Chellal,South_Governorate,0,0
0,0,1,0,0,0,0,Kfar Chellane,North_Governorate,0,0
1,0,0,0,8000,2,0,Kfar Chima,Mount_Lebanon_Governorate,0,10
1,0,0,0,666,3,0,Kfar Chouba,Nabatieh_Governorate,0,0
0,0,1,0,0,0,0,Kfar Dane,Baalbek-Hermel_Governorate,0,0
1,0,0,0,2693,1,0,Kfar Denis,Beqaa_Governorate,0,0
1,0,0,0,7000,2,0,Kfar Dibiane,Mount_Lebanon_Governorate,0,1
1,1,0,0,8000,1,0,Kfar Dounine,Nabatieh_Governorate,0,0
0,0,1,0,0,0,0,Kfar Falous,South_Governorate,0,0
1,0,0,0,3000,1,0,Kfar Faqoud,Mount_Lebanon_Governorate,0,0
1,1,0,0,5000,1,0,Kfar Habou,North_Governorate,0,0
0,0,0,0,0,0,0,Kfar Hamam,Nabatieh_Governorate,0,0
1,0,0,0,4000,2,0,Kfar Hatta Saida,South_Governorate,0,0
0,0,1,0,0,0,0,Kfar Hay,North_Governorate,0,0
1,0,0,0,2500,1,0,Kfar Hazir,North_Governorate,0,0
0,0,0,0,0,0,0,Kfar Heam,Mount_Lebanon_Governorate,0,0
1,0,0,0,1100,1,0,Kfar Hilda,North_Governorate,0,0
0,0,1,0,0,0,0,Kfar Houneh,South_Governorate,0,0
0,0,1,0,0,0,0,Kfar Jreif,Mount_Lebanon_Governorate,0,0
1,0,0,0,5500,1,0,Kfar Kila,Nabatieh_Governorate,0,1
1,0,0,0,6000,1,0,Kfar Matta,Mount_Lebanon_Governorate,0,0
0,0,1,0,0,0,0,Kfar Melki Saida,South_Governorate,0,0
1,0,0,0,9500,1,0,Kfar Nabrakh,Mount_Lebanon_Governorate,0,0
0,0,0,0,0,0,0,Kfar Niss,Mount_Lebanon_Governorate,0,0
0,0,0,0,0,0,0,Kfar Qatra,Mount_Lebanon_Governorate,0,0
1,0,0,0,4120,1,0,Kfar Qouq,Beqaa_Governorate,0,0
1,0,0,0,3250,4,0,Kfar Roummane,Nabatieh_Governorate,0,1
1,0,0,0,5000,1,0,Kfar Selouane,Mount_Lebanon_Governorate,0,0
1,1,0,0,15000,1,0,Kfar Sir,Nabatieh_Governorate,0,1
0,0,1,0,0,0,0,Kfar Tay El-Matn,Mount_Lebanon_Governorate,0,0
0,0,0,0,0,0,0,Kfar Tibnit,Nabatieh_Governorate,0,0
0,0,1,0,0,0,0,Kfar michki,Beqaa_Governorate,0,0
1,4,0,0,0,0,1,Kfardlaqous,North_Governorate,0,0
1,0,0,0,3300,1,0,Kfarfila,Nabatieh_Governorate,0,2
0,0,1,0,0,0,0,Kfarfou,North_Governorate,0,0
0,0,1,0,0,0,0,Kfarhata,North_Governorate,0,0
0,0,1,0,0,0,0,Kfarhata Zgharta,North_Governorate,0,0
1,0,0,0,778,1,0,Kfarsghab,North_Governorate,0,0
1,1,0,0,2425,2,0,Kfartoun,Akkar_Governorate,0,2
1,0,0,0,0,0,0,Kfaryachit,North_Governorate,0,1
1,0,0,0,4250,2,0,Kfarzabad,Beqaa_Governorate,0,0
1,0,0,0,0,1,0,Kfarzaina,North_Governorate,0,1
0,0,1,0,0,0,0,Kfoun,Mount_Lebanon_Governorate,0,0
0,0,1,0,0,0,0,Kfour El-Aarbi,North_Governorate,0,0
1,0,0,0,3500,2,0,Kfour En-Nabatieh,Mount_Lebanon_Governorate,0,1
1,0,0,0,0,1,0,Khalwat,Nabatieh_Governorate,0,0
0,0,1,0,0,0,0,Kharbe,Mount_Lebanon_Governorate,0,0
0,0,1,0,0,0,0,Kharnoub,North_Governorate,0,0
0,0,1,0,0,0,0,Khartoum,South_Governorate,0,0
1,0,0,0,1500,1,0,Khat el Petrol,Akkar_Governorate,0,0
0,0,0,0,0,0,0,Khayayeb Saida,South_Governorate,0,0
0,0,0,0,0,0,0,Khereibet Ech-Chouf,Mount_Lebanon_Governorate,0,0
1,0,0,0,0,0,0,Khinchara,Mount_Lebanon_Governorate,0,1
1,0,0,0,0,0,0,Khirbet Bisri,Mount_Lebanon_Governorate,0,2
1,0,0,0,2700,1,0,Khirbet Char,Akkar_Governorate,0,0
1,2,0,0,500,4,0,Khirbet Daoud Aakkar,Akkar_Governorate,0,6
1,0,0,0,650,1,0,Khirbet Jord,Akkar_Governorate,0,0
1,1,0,0,0,0,0,Khirbet Qanafar,Beqaa_Governorate,0,2
1,1,0,0,10000,1,0,Khirbet Rouha,Beqaa_Governorate,0,1
0,0,0,0,0,0,0,Khirbet Selm,Nabatieh_Governorate,0,0
0,0,0,0,0,0,0,Khiyam Marjaayoun,Nabatieh_Governorate,0,0
1,0,0,0,6500,1,0,Khodr Baalbek,Baalbek-Hermel_Governorate,0,1
1,1,0,0,69,13,0,Khreibet Baabda,Mount_Lebanon_Governorate,0,8
1,1,0,0,5500,1,1,Khreibet Ej-Jindi,Akkar_Governorate,1,1
0,0,1,0,0,0,0,Khzaiz,South_Governorate,0,0
0,0,1,0,0,0,0,Kleyleh,Mount_Lebanon_Governorate,0,0
1,0,0,0,4000,1,0,Kneisset Aakkar,Akkar_Governorate,0,0
1,0,0,1,400,2,2,Kneisset Ech-Chouf,Mount_Lebanon_Governorate,1,6
0,0,0,0,0,0,0,Kneisset Sour,South_Governorate,0,0
1,2,0,0,2000,2,0,Kouachra,Akkar_Governorate,0,4
0,0,1,0,0,0,0,Kouakh,Baalbek-Hermel_Governorate,0,0
1,0,0,0,4500,1,0,Koueikhat,Akkar_Governorate,0,0
1,0,0,0,8500,1,0,Kounine,Nabatieh_Governorate,0,0
0,0,1,0,0,0,0,Kour,North_Governorate,0,0
1,0,0,0,4000,2,0,Kousba,North_Governorate,0,0
1,0,0,0,1500,1,0,Kroum El-Aarab,Akkar_Governorate,0,0
0,0,0,0,0,0,0,Laboueh,Baalbek-Hermel_Governorate,0,0
1,2,0,2,3700,1,5,Lala,Beqaa_Governorate,3,1
0,0,0,0,0,0,0,Laqlouq,Mount_Lebanon_Governorate,0,0
0,0,1,0,0,0,0,Lassa,Mount_Lebanon_Governorate,0,0
1,0,0,0,1000,2,0,Lebaa,South_Governorate,0,0
0,0,1,0,0,0,0,Lehfed,Mount_Lebanon_Governorate,0,0
0,0,0,0,0,0,0,Libbaya West Bekaa,Beqaa_Governorate,0,0
0,0,1,0,0,0,0,Louayzet Jezzine,South_Governorate,0,0
1,0,0,0,3535,1,0,Loubieh,South_Governorate,0,0
1,1,0,0,0,0,0,Maad,Mount_Lebanon_Governorate,0,1
0,0,1,0,0,0,0,Maarab,Mount_Lebanon_Governorate,0,0
1,0,0,0,3600,1,0,Maaraboun,Baalbek-Hermel_Governorate,0,0
1,1,0,0,6000,2,0,Maarakeh,South_Governorate,0,1
0,0,0,0,0,0,0,Maaroub,South_Governorate,0,0
0,0,1,0,0,0,0,Maasrati,Mount_Lebanon_Governorate,0,0
1,2,0,1,362,4,2,Maasser Beit Ed-Dine,Mount_Lebanon_Governorate,1,3
0,0,1,0,0,0,0,Maasser Ech-Chouf,Mount_Lebanon_Governorate,0,0
1,1,0,0,2300,1,0,Maaysra Kesrouane,Mount_Lebanon_Governorate,0,2
0,0,1,0,0,0,0,Machghara,Beqaa_Governorate,0,0
1,0,0,0,4000,2,0,Machha,Akkar_Governorate,0,3
0,0,1,0,0,0,0,Machmoucheh,South_Governorate,0,0
1,1,0,0,13000,1,0,Machta Hammoud,Akkar_Governorate,0,2
1,0,0,0,2000,2,0,Machta Hassan,Akkar_Governorate,0,0
0,0,1,0,0,0,0,Maghdoucheh,South_Governorate,0,0
0,0,1,0,0,0,0,Magher wbala,North_Governorate,0,0
1,0,0,0,500,2,0,Mahrouna,South_Governorate,0,2
0,0,1,0,0,0,0,Majdala,Akkar_Governorate,0,0
0,0,1,0,0,0,0,Majdaloun,Baalbek-Hermel_Governorate,0,0
0,0,1,0,0,0,0,Majdalouna,Mount_Lebanon_Governorate,0,0
0,0,1,0,0,0,0,Majdel,South_Governorate,0,0
1,1,0,0,0,2,0,Majdel Aanjar,Beqaa_Governorate,0,3
0,0,1,0,0,0,0,Majdel Baana,Mount_Lebanon_Governorate,0,0
1,1,0,0,950,1,0,Majdel Balhis,Beqaa_Governorate,0,0
0,0,1,0,0,0,0,Majdel El-Aqoura,Mount_Lebanon_Governorate,0,0
1,0,0,0,0,0,0,Majdel El-Meouch,Mount_Lebanon_Governorate,0,1
1,0,0,0,5400,2,0,Majdel Selm,Nabatieh_Governorate,0,1
0,0,1,0,0,0,0,Majdel el-Koura,North_Governorate,0,0
0,0,0,0,0,0,0,Majdel tarchich,Mount_Lebanon_Governorate,0,0
0,0,1,0,0,0,0,Majdelyoun,South_Governorate,0,0
0,0,1,0,0,0,0,Majdelzoun,South_Governorate,0,0
0,0,1,0,0,0,0,Maknounet Jezzine,South_Governorate,0,0
1,0,0,0,5000,1,0,Makseh,Beqaa_Governorate,0,0
0,0,1,0,0,0,0,Malkiyah Village,South_Governorate,0,0
1,0,0,0,4000,1,0,Mansoura,Beqaa_Governorate,0,0
0,0,0,0,0,0,0,Mansouri,South_Governorate,0,0
0,0,1,0,0,0,0,Mansouriyet Bhamdoun,Mount_Lebanon_Governorate,0,0
1,0,0,0,0,0,0,Maqneh,Baalbek-Hermel_Governorate,0,0
0,0,1,0,0,0,0,Mar Boutros Karm Et-Tine,Mount_Lebanon_Governorate,0,0
0,0,1,0,0,0,0,Mar Chaaya,Mount_Lebanon_Governorate,0,0
0,0,1,0,0,0,0,Mar Mama,North_Governorate,0,0
0,0,1,0,0,0,0,Mar Moussa Ed-Douar,Mount_Lebanon_Governorate,0,0
0,0,0,0,0,0,0,Marj Barja,Mount_Lebanon_Governorate,0,0
1,0,0,0,1600,1,0,Marj Ez-Zouhour (Haouch El-Qinnaabeh),Nabatieh_Governorate,0,0
0,0,0,0,0,0,0,Marjaba,Mount_Lebanon_Governorate,0,0
1,0,0,0,2700,1,0,Markaba,Nabatieh_Governorate,0,0
0,0,0,0,0,0,0,Maroun Er-Ras,Nabatieh_Governorate,0,0
1,0,0,0,40000,1,0,Massa,Beqaa_Governorate,0,0
1,0,0,0,8000,1,0,Massaaoudiyeh,Akkar_Governorate,0,0
1,0,0,0,1300,1,0,Mayasseh,Mount_Lebanon_Governorate,0,1
1,0,0,0,1500,1,0,Maydoun,Beqaa_Governorate,0,0
1,0,0,0,4500,2,0,Mayfadoun,Nabatieh_Governorate,0,0
0,0,0,0,0,0,0,Mayfouq,Mount_Lebanon_Governorate,0,0
0,0,1,0,0,0,0,Mayrouba,Mount_Lebanon_Governorate,0,0
1,0,0,0,0,0,0,Mazareaa Jabal Akroum,Akkar_Governorate,0,1
0,0,1,0,0,0,0,Mazraat Assaf,North_Governorate,0,0
1,0,0,0,4000,1,0,Mazraat Balda,Akkar_Governorate,0,0
0,0,1,0,0,0,0,Mazraat Bani Saab,North_Governorate,0,0
1,0,0,0,2300,1,0,Mazraat Bani Sakher,Akkar_Governorate,0,1
1,0,0,0,2320,1,0,Mazraat Beit Ghattas,Akkar_Governorate,0,0
1,0,0,0,10000,1,0,Mazraat Ech-Chouf,Mount_Lebanon_Governorate,0,0
1,3,0,0,0,0,0,Mazraat El-Hdaira,Mount_Lebanon_Governorate,0,0
0,0,0,0,0,0,0,Mazraat El-Mathane,South_Governorate,0,0
0,0,1,0,0,0,0,Mazraat Es-Dahr,Mount_Lebanon_Governorate,0,0
1,1,0,0,2000,1,0,Mazraat Et-Teffah,North_Governorate,0,1
1,0,0,0,133,3,0,Mazraat Ez-Zalloutiyeh,South_Governorate,0,1
0,0,1,0,0,0,0,Mazraat Harkish,North_Governorate,0,0
0,0,1,0,0,0,0,Mazraat Hokka,North_Governorate,0,0
0,0,1,0,0,0,0,Mazraat Mechref,South_Governorate,0,0
0,0,0,0,0,0,0,Mazraat Nahr Zgharta,North_Governorate,0,0
0,0,1,0,0,0,0,Mazraat Swaidan,Baalbek-Hermel_Governorate,0,0
1,0,0,0,21000,1,0,Mazraat Yachouaa,Mount_Lebanon_Governorate,0,1
0,0,1,0,0,0,0,Mazraat beit Mchaik,Baalbek-Hermel_Governorate,0,0
0,0,0,0,0,0,0,Mchaneh,Mount_Lebanon_Governorate,0,0
1,0,0,0,3500,1,0,Mcherfeh,Mount_Lebanon_Governorate,0,0
0,0,0,0,0,0,0,Mchikha,Mount_Lebanon_Governorate,0,0
1,0,0,0,800,1,0,Mdoukha,Beqaa_Governorate,0,0
0,0,1,0,0,0,0,Mechref,Mount_Lebanon_Governorate,0,0
0,0,1,0,0,0,0,Mehmarch,North_Governorate,0,0
1,1,0,0,2700,1,0,Meimes,Nabatieh_Governorate,0,1
1,1,0,0,15000,2,0,Meiss Ej-Jabal,Nabatieh_Governorate,0,1
1,0,0,0,3280,1,0,Mejdlaiya,Mount_Lebanon_Governorate,0,1
1,2,0,0,27000,1,1,Mejdlaiya Zgharta,North_Governorate,1,5
1,0,0,0,0,0,0,Menneaa,Akkar_Governorate,0,0
1,0,0,0,3500,1,0,Meri,Nabatieh_Governorate,0,0
0,0,1,0,0,0,0,Merkebta,North_Governorate,0,0
0,0,1,0,0,0,0,Merouahine,South_Governorate,0,0
1,0,0,0,1600,5,0,Merouaniyeh,South_Governorate,0,2
0,0,1,0,0,0,0,Metrit,North_Governorate,0,0
1,0,0,0,6000,1,0,Mghairiyeh Ech-Chouf,Mount_Lebanon_Governorate,0,1
0,0,0,0,0,0,0,Mghayreh Jbeil,Mount_Lebanon_Governorate,0,0
0,0,0,0,0,0,0,Mhaibib,Nabatieh_Governorate,0,0
1,0,0,0,0,0,0,Mhaiydseh Rachaya,Beqaa_Governorate,0,1
1,0,0,0,7000,1,0,Mhammaret,Akkar_Governorate,0,0
0,0,1,0,0,0,0,Mharbiyeh,South_Governorate,0,0
1,1,0,0,3333,3,0,Michmich Jbeil,Mount_Lebanon_Governorate,0,2
0,0,1,0,0,0,0,Midane Jezzine,South_Governorate,0,0
0,0,1,0,0,0,0,Mina,North_Governorate,0,0
1,2,0,0,6500,10,0,Minie,North_Governorate,0,12
1,0,0,0,3833,3,0,Minyara,Akkar_Governorate,0,6
1,0,0,0,13000,1,0,Miriata,North_Governorate,0,4
0,0,1,0,0,0,0,Miyeh ou Miyeh,South_Governorate,0,0
1,0,0,0,7000,1,0,Miziara,North_Governorate,0,1
1,0,0,0,500,1,0,Mjaydel Jezzine,South_Governorate,0,0
0,0,1,0,0,0,0,Mlikh,South_Governorate,0,0
0,0,0,0,0,0,0,Mohtaqra,Mount_Lebanon_Governorate,0,0
1,0,0,0,2000,3,0,Moqaylbeh,Akkar_Governorate,0,0
0,0,1,0,0,0,0,Moqraq,Baalbek-Hermel_Governorate,0,0
0,0,1,0,0,0,0,Moshrea,Mount_Lebanon_Governorate,0,0
0,0,1,0,0,0,0,Motel,North_Governorate,0,0
1,0,0,0,1500,1,0,Mouanse,Akkar_Governorate,0,0
1,0,0,0,1150,1,0,Moukhtara,Mount_Lebanon_Governorate,0,0
1,1,0,0,0,0,0,Mounjez,Akkar_Governorate,0,1
0,0,0,0,0,0,0,Mounsef,Mount_Lebanon_Governorate,0,0
1,0,0,0,6400,1,0,Mqaiteaa,Akkar_Governorate,0,1
0,0,1,0,0,0,0,Mrah El-Hbasse,South_Governorate,0,0
0,0,1,0,0,0,0,Mrah Es-Sfire,North_Governorate,0,0
1,1,0,0,1500,2,0,Mrah Es-Srayj,North_Governorate,0,0
0,0,1,0,0,0,0,Mrah Ez Ziyat,North_Governorate,0,0
0,0,1,0,0,0,0,Mrah Kwakh,Akkar_Governorate,0,0
0,0,1,0,0,0,0,Mraijat,Mount_Lebanon_Governorate,0,0
1,0,0,0,0,0,0,Mrayjat Zahleh,Beqaa_Governorate,0,1
0,0,1,0,0,0,0,Mristi,Mount_Lebanon_Governorate,0,0
1,0,0,0,0,0,0,Mrouj,Mount_Lebanon_Governorate,0,2
0,0,1,0,0,0,0,Mtayleb,Mount_Lebanon_Governorate,0,0
0,0,1,0,0,0,0,Mtolleh,Mount_Lebanon_Governorate,0,0
0,0,1,0,0,0,0,Mzraat Kefraya,North_Governorate,0,0
1,7,0,2,5714,14,5,Nabatiyeh,Nabatieh_Governorate,3,18
0,0,1,0,0,0,0,Nabatiyeh El-Faouka,Nabatieh_Governorate,0,0
0,0,0,0,0,0,0,Nabay,Mount_Lebanon_Governorate,0,0
1,0,0,0,7000,1,0,Nabha Ed-Damdoum,Baalbek-Hermel_Governorate,0,0
0,0,1,0,0,0,0,Nabha Mehfara,Baalbek-Hermel_Governorate,0,0
0,0,1,0,0,0,0,Nabha Qoudam,Baalbek-Hermel_Governorate,0,0
1,0,0,0,0,0,1,Nabi Ayla,Beqaa_Governorate,1,0
1,1,0,0,6750,2,0,Nabi Chit,Baalbek-Hermel_Governorate,0,2
0,0,1,0,0,0,0,Nabi Osmane,Baalbek-Hermel_Governorate,0,0
1,0,0,0,0,1,0,Nahleh Baalbek,Baalbek-Hermel_Governorate,0,0
1,0,0,0,13250,2,0,Nahmeh,Mount_Lebanon_Governorate,0,2
1,0,0,0,0,0,1,Nahr Ibrahim,Mount_Lebanon_Governorate,1,0
1,0,0,0,4780,1,0,Najjariyeh,South_Governorate,0,0
1,0,0,0,0,0,0,Nakhleh,North_Governorate,0,2
1,0,0,0,1000,1,0,Naoura El-Faouqa,Akkar_Governorate,0,0
1,1,0,0,1200,1,0,Nasriyet Zahleh,Beqaa_Governorate,0,0
0,0,1,0,0,0,0,Nfisseh,Akkar_Governorate,0,0
1,0,0,0,1225,2,0,Niha El-Chouf,Mount_Lebanon_Governorate,0,0
1,0,0,0,1100,1,0,Niha Zahleh,Beqaa_Governorate,0,0
1,0,0,0,4000,1,0,Nimrine,North_Governorate,0,0
1,0,0,0,5686,1,0,Nmairiyeh,Nabatieh_Governorate,0,0
1,0,0,0,650,2,0,Ouada,Akkar_Governorate,0,1
0,0,1,0,0,0,0,Ouadi Baanqoudaine,South_Governorate,0,0
0,0,1,0,0,0,0,Ouadi Banhlay,Mount_Lebanon_Governorate,0,0
1,0,0,0,0,0,0,Ouadi Chahine,Mount_Lebanon_Governorate,0,2
1,0,0,0,3500,1,0,Ouadi Chahrour El Aaoulia,Mount_Lebanon_Governorate,0,0
1,0,0,0,0,0,0,Ouadi Chahrour Es-Soufla,Mount_Lebanon_Governorate,0,1
0,0,1,0,0,0,0,Ouadi Ed-Deir,Mount_Lebanon_Governorate,0,0
1,0,0,0,770,1,0,Ouadi El-Haour,Akkar_Governorate,0,0
0,0,1,0,0,0,0,Ouadi El-Karm El-Matn,Mount_Lebanon_Governorate,0,0
0,0,1,0,0,0,0,Ouadi El-Laymoun,South_Governorate,0,0
0,0,1,0,0,0,0,Ouadi Es-Sitt,Mount_Lebanon_Governorate,0,0
0,0,1,0,0,0,0,Ouadi Faara,Baalbek-Hermel_Governorate,0,0
1,0,0,0,2611,9,0,Ouadi Khaled,Akkar_Governorate,0,0
1,0,0,0,11251,1,0,Ouadi Nakhleh,North_Governorate,0,0
0,0,1,0,0,0,0,Ouadi Qannoubine,North_Governorate,0,0
1,0,0,0,4950,1,1,Ouardaniyeh,Mount_Lebanon_Governorate,1,2
0,0,1,0,0,0,0,Ouarhaniyeh,Mount_Lebanon_Governorate,0,0
0,0,0,0,0,0,0,Ouata El-Jaouz,Mount_Lebanon_Governorate,0,0
1,1,0,0,4333,3,0,Qaa Baalbek,Baalbek-Hermel_Governorate,0,1
1,0,0,0,4800,1,0,Qaa Er-Rim,Beqaa_Governorate,0,0
1,0,0,0,12000,1,0,Qaaqaaiyet Ej-Jisr,Nabatieh_Governorate,0,1
0,0,1,0,0,0,0,Qaaqaiyet Es-Snaoubar,South_Governorate,0,0
0,0,0,0,0,0,0,Qaaqour,Mount_Lebanon_Governorate,0,0
1,0,0,0,4000,2,0,Qabaait,Akkar_Governorate,0,2
1,2,0,0,12500,4,0,Qabb Elias,Beqaa_Governorate,0,5
0,0,0,0,0,0,0,Qabrikha,Nabatieh_Governorate,0,0
1,0,0,0,1000,1,0,Qachlaq,Akkar_Governorate,0,0
0,0,1,0,0,0,0,Qahmez,Mount_Lebanon_Governorate,0,0
0,0,1,0,0,0,0,Qalaa,Mount_Lebanon_Governorate,0,0
1,1,0,0,3750,4,0,Qalamoun,North_Governorate,0,2
0,0,1,0,0,0,0,Qalaouiyeh,Nabatieh_Governorate,0,0
0,0,1,0,0,0,0,Qalhat,North_Governorate,0,0
0,0,1,0,0,0,0,Qannebet Salima,Mount_Lebanon_Governorate,0,0
1,1,0,0,0,0,0,Qantara,Nabatieh_Governorate,0,0
0,0,1,0,0,0,0,Qantarat Aakkar,Akkar_Governorate,0,0
1,0,0,0,2100,1,0,Qanya,Akkar_Governorate,0,2
1,2,0,1,66,3,2,Qaouzah,Nabatieh_Governorate,1,4
1,0,0,0,4825,2,0,Qaraaoun,Beqaa_Governorate,0,2
0,0,1,0,0,0,0,Qarah Bach,North_Governorate,0,0
0,0,0,0,0,0,0,Qardaf,Akkar_Governorate,0,0
1,0,0,0,1200,1,0,Qarha,Akkar_Governorate,0,0
0,0,0,0,0,0,0,Qarha Baalbek,Baalbek-Hermel_Governorate,0,0
0,0,1,0,0,0,0,Qarhaiya,North_Governorate,0,0
1,0,0,0,2310,3,0,Qarsaita,North_Governorate,0,0
1,0,0,0,13000,1,0,Qartaba,Mount_Lebanon_Governorate,0,1
1,1,0,0,4666,3,0,Qaser,Baalbek-Hermel_Governorate,0,1
0,0,1,0,0,0,0,Qatrani,South_Governorate,0,0
1,0,0,0,950,1,0,Qattineh-Miniyeh,North_Governorate,0,0
0,0,1,0,0,0,0,Qaynour,North_Governorate,0,0
0,0,1,0,0,0,0,Qaytouleh,South_Governorate,0,0
1,2,0,0,1000,5,0,Qbaiyat Aakkar,Akkar_Governorate,0,2
1,0,0,0,2500,1,0,Qelaya,Beqaa_Governorate,0,0
0,0,1,0,0,0,0,Qennabet Broummana,Mount_Lebanon_Governorate,0,0
1,0,0,0,12000,1,0,Qennarit,South_Governorate,0,0
0,0,1,0,0,0,0,Qild Es Sabea,Baalbek-Hermel_Governorate,0,0
1,0,0,0,6550,1,0,Qlaiaa,Nabatieh_Governorate,0,2
0,0,0,0,0,0,0,Qlaileh Harfoush,Baalbek-Hermel_Governorate,0,0
1,0,0,0,4250,2,0,Qlaileh Sour,South_Governorate,0,2
1,0,0,0,8000,1,0,Qleiaat Aakkar,Akkar_Governorate,0,0
1,0,0,0,0,0,0,Qleiaat Kesrouane,Mount_Lebanon_Governorate,0,1
1,0,0,0,0,0,0,Qloud El-Baqieh,Akkar_Governorate,0,1
1,0,0,0,2000,1,0,Qmatiyeh,Mount_Lebanon_Governorate,0,0
0,0,1,0,0,0,0,Qnat,North_Governorate,0,0
1,0,0,0,2055,1,0,Qobbayaa,Mount_Lebanon_Governorate,0,3
1,0,0,0,3500,2,0,Qornayel,Mount_Lebanon_Governorate,0,1
1,0,0,0,2500,2,0,Qornet Aakkar,Akkar_Governorate,0,1
1,0,0,0,0,0,0,Qornet El-Hamra,Mount_Lebanon_Governorate,0,1
1,0,0,0,0,0,0,Qortada,Mount_Lebanon_Governorate,0,0
0,0,1,0,0,0,0,Qoubber Chamra,Akkar_Governorate,0,0
0,0,1,0,0,0,0,Qounaitra,South_Governorate,0,0
0,0,1,0,0,0,0,Qoussaya,Beqaa_Governorate,0,0
0,0,1,0,0,0,0,Qraine,North_Governorate,0,0
1,0,0,0,0,0,0,Qraiyat,Akkar_Governorate,0,1
1,0,0,0,1300,1,0,Qraiyeh,Mount_Lebanon_Governorate,0,0
0,0,1,0,0,0,0,Qraiyet Jlayse,Mount_Lebanon_Governorate,0,0
1,0,0,0,5330,1,0,Qraiyet Saida,South_Governorate,0,1
0,0,1,0,0,0,0,Qsaibet En-Nabatiyeh,Nabatieh_Governorate,0,0
1,0,0,0,0,0,0,Qsarnaba,Baalbek-Hermel_Governorate,0,2
1,0,0,0,0,0,0,Raachine,Mount_Lebanon_Governorate,0,1
0,0,1,0,0,0,0,Raait,Beqaa_Governorate,0,0
0,0,1,0,0,0,0,Rabb Et-Tlatine,Nabatieh_Governorate,0,0
1,0,0,0,0,0,0,Rabieh,Mount_Lebanon_Governorate,0,1
1,0,0,0,2250,2,0,Rachaaine,North_Governorate,0,0
0,0,1,0,0,0,0,Rachaf,Nabatieh_Governorate,0,0
0,0,1,0,0,0,0,Rachaiya El-Foukhar,Nabatieh_Governorate,0,0
1,2,0,2,4150,2,2,Rachaya El Wadi,Beqaa_Governorate,0,2
1,0,0,0,2000,3,0,Rafid Rachaya,Beqaa_Governorate,0,1
1,0,0,0,3766,3,0,Rahbeh,Akkar_Governorate,0,1
0,0,1,0,0,0,0,Ram,Baalbek-Hermel_Governorate,0,0
0,0,0,0,0,0,0,Ramlieh,Mount_Lebanon_Governorate,0,0
1,0,0,0,950,1,0,Ramyet Bent Jbeil,Nabatieh_Governorate,0,0
0,0,1,0,0,0,0,Ras Baalbek Ech-Charqi,Baalbek-Hermel_Governorate,0,0
0,0,0,0,0,0,0,Ras El Matn,Mount_Lebanon_Governorate,0,0
0,0,1,0,0,0,0,Ras El-Href,Mount_Lebanon_Governorate,0,0
0,0,1,0,0,0,0,Ras Kifa,North_Governorate,0,0
1,4,0,1,8500,2,4,Ras Masqa,North_Governorate,3,5
0,0,1,0,0,0,0,Rasha,North_Governorate,0,0
0,0,1,0,0,0,0,Rashana,North_Governorate,0,0
0,0,1,0,0,0,0,Rawda Bekaa,Beqaa_Governorate,0,0
0,0,1,0,0,0,0,Rawda Village,North_Governorate,0,0
1,1,0,0,1800,2,0,Rayfoun,Mount_Lebanon_Governorate,0,3
0,0,1,0,0,0,0,Rechdibbine,North_Governorate,0,0
1,0,0,0,500,1,0,Richmaiya,Mount_Lebanon_Governorate,0,1
0,0,0,0,0,0,0,Rihan Jezzine,South_Governorate,0,0
0,0,1,0,0,0,0,Rihana,Mount_Lebanon_Governorate,0,0
1,0,0,0,1800,1,0,Rihaniyet Aakkar,Akkar_Governorate,0,0
0,0,1,0,0,0,0,Rihaniyet Minie,North_Governorate,0,0
0,0,1,0,0,0,0,Rijmeh,Mount_Lebanon_Governorate,0,0
0,0,1,0,0,0,0,Rimat,South_Governorate,0,0
0,0,1,0,0,0,0,Rimhala,Mount_Lebanon_Governorate,0,0
0,0,1,0,0,0,0,Rmadiyeh,South_Governorate,0,0
0,0,0,0,0,0,0,Rmaich,Nabatieh_Governorate,0,0
1,0,0,0,2650,1,0,Rmeilet Ech-Chouf,Mount_Lebanon_Governorate,0,2
0,0,1,0,0,0,0,Rouayssrt El-Ballout,Mount_Lebanon_Governorate,0,0
1,0,0,0,750,1,0,Roum,South_Governorate,0,0
0,0,1,0,0,0,0,Roumieh,Mount_Lebanon_Governorate,0,0
1,1,0,0,833,3,0,Roumine,Nabatieh_Governorate,0,0
0,0,1,0,0,0,0,Saadine,Akkar_Governorate,0,0
1,0,0,0,6166,3,0,Saadnayel,Beqaa_Governorate,0,2
0,0,0,0,0,0,0,Saaideh,Baalbek-Hermel_Governorate,0,0
0,0,1,0,0,0,0,Sabbah,South_Governorate,0,0
1,0,0,0,0,1,0,Sadiqine,South_Governorate,0,1
0,0,0,0,0,0,0,Safad Al-Battikh,Nabatieh_Governorate,0,0
1,0,0,0,9100,1,0,Safra Kesrouane,Mount_Lebanon_Governorate,0,0
1,0,0,0,7700,1,0,Saghbine,Beqaa_Governorate,0,2
0,0,1,0,0,0,0,Sahle,Akkar_Governorate,0,0
1,2,0,2,3472,36,3,Saida,South_Governorate,2,41
1,0,0,0,4500,2,0,Saksakiyeh,South_Governorate,0,1
0,0,1,0,0,0,0,Salhiyet Saida,South_Governorate,0,0
1,0,0,0,5600,1,0,Salima Baabda,Mount_Lebanon_Governorate,0,1
1,0,0,0,1242,1,0,Sammaqiyeh,Akkar_Governorate,0,0
0,0,0,0,0,0,0,Sanaya,South_Governorate,0,0
0,0,1,0,0,0,0,Saouanet Marjayoun,Nabatieh_Governorate,0,0
0,0,0,0,0,0,0,Saoufar,Mount_Lebanon_Governorate,0,0
0,0,0,0,0,0,0,Sarafand,South_Governorate,0,0
0,0,1,0,0,0,0,Sarba En-Nabatieh,Nabatieh_Governorate,0,0
0,0,1,0,0,0,0,Sariita,Mount_Lebanon_Governorate,0,0
1,0,0,0,15000,1,0,Sarin Fawqa,Baalbek-Hermel_Governorate,0,3
0,0,0,0,0,0,0,Sayssouq,Akkar_Governorate,0,0
1,0,0,0,750,2,0,Sebaal Zgharta,North_Governorate,0,0
1,0,0,0,1150,2,0,Sehjoud,Baalbek-Hermel_Governorate,0,0
1,0,0,0,4500,1,0,Selaa,South_Governorate,0,1
0,0,1,0,0,0,0,Selaata,North_Governorate,0,0
0,0,1,0,0,0,0,Selfaya,Mount_Lebanon_Governorate,0,0
0,0,0,0,0,0,0,Semqaniyeh,Mount_Lebanon_Governorate,0,0
0,0,1,0,0,0,0,Seraal,North_Governorate,0,0
0,0,1,0,0,0,0,Serraaine Et-Tahta,Baalbek-Hermel_Governorate,0,0
0,0,1,0,0,0,0,Sfaray,South_Governorate,0,0
1,0,0,0,5000,1,0,Sfaynet El-Qaitaa,Akkar_Governorate,0,0
1,0,0,0,0,0,0,Sfinet Ed-Draib,Akkar_Governorate,0,2
1,1,0,0,4333,3,0,Sfireh,North_Governorate,0,1
1,0,0,0,6800,1,0,Shawagheer El-Faouqa,Baalbek-Hermel_Governorate,0,1
1,0,0,0,0,0,0,Shayleh Kesrouane,Mount_Lebanon_Governorate,0,1
1,0,0,0,9000,1,0,Sibline,Mount_Lebanon_Governorate,0,1
1,3,0,0,214,21,0,Sindianet Zeidane,Akkar_Governorate,0,11
0,0,0,0,0,0,0,Sini,Nabatieh_Governorate,0,0
1,3,0,1,45000,2,3,Sinn El-Fil,Mount_Lebanon_Governorate,2,7
0,0,0,0,0,0,0,Sir Ed-Danniyeh,North_Governorate,0,0
1,1,0,0,10000,1,0,Sir El-Gharbiyeh,Nabatieh_Governorate,0,0
0,0,1,0,0,0,0,Sirhmoul,Mount_Lebanon_Governorate,0,0
0,0,0,0,0,0,0,Sirjbal,Mount_Lebanon_Governorate,0,0
1,1,0,0,4000,2,0,Sohmor,Beqaa_Governorate,0,1
1,0,0,0,2000,2,0,Soltan Yacoub el Aradi,Beqaa_Governorate,0,0
1,0,0,0,3750,2,0,Souairi,Beqaa_Governorate,0,2
1,0,0,0,2400,1,0,Souaisset Aakkar,Akkar_Governorate,0,0
1,0,0,0,0,1,0,Soufaileh,Mount_Lebanon_Governorate,0,0
1,0,0,0,0,0,0,Soultaniyet Bent Jbeil,Nabatieh_Governorate,0,2
0,0,0,0,0,0,0,Souq El-Gharb,Mount_Lebanon_Governorate,0,0
0,0,0,0,0,0,0,Sour,South_Governorate,0,0
0,0,1,0,0,0,0,Srar,Akkar_Governorate,0,0
0,0,1,0,0,0,0,Srayri,South_Governorate,0,0
0,0,1,0,0,0,0,Srifa,South_Governorate,0,0
0,0,0,0,0,0,0,Srobbine,Nabatieh_Governorate,0,0
0,0,1,0,0,0,0,Taaid,South_Governorate,0,0
0,0,1,0,0,0,0,Taalbaya,Beqaa_Governorate,0,0
1,0,0,0,100,1,0,Taazaniyeh,Mount_Lebanon_Governorate,0,0
0,0,0,0,0,0,0,Tabarja,Mount_Lebanon_Governorate,0,0
0,0,0,0,0,0,0,Tahouitat El Ghadir,Mount_Lebanon_Governorate,0,0
0,0,1,0,0,0,0,Taibet Baalbek,Baalbek-Hermel_Governorate,0,0
1,0,0,0,5000,1,0,Tal Aabbas,Akkar_Governorate,0,0
0,0,1,0,0,0,0,Talia,Baalbek-Hermel_Governorate,0,0
1,0,0,0,0,0,0,Tall Aabbas Ech-Charqi,Akkar_Governorate,0,1
1,0,0,0,4000,1,0,Tall Bireh,Akkar_Governorate,0,0
1,0,0,0,1000,1,0,Tall Hmayra,Akkar_Governorate,0,1
1,0,0,0,8000,1,0,Tall Meaayan Tall Kiri,Akkar_Governorate,0,0
0,0,1,0,0,0,0,Tall Znoub,Beqaa_Governorate,0,0
0,0,1,0,0,0,0,Tallet Chattaha,Akkar_Governorate,0,0
0,0,1,0,0,0,0,Talloussa,Nabatieh_Governorate,0,0
0,0,1,0,0,0,0,Tanbourit,South_Governorate,0,0
1,2,0,2,60,15,3,Tannoura,Beqaa_Governorate,1,7
1,0,0,0,8000,2,0,Tannourine El-Faouqa,North_Governorate,0,1
1,0,0,0,6000,2,0,Taraiya,Baalbek-Hermel_Governorate,0,0
0,0,1,0,0,0,0,Tarchich,Mount_Lebanon_Governorate,0,0
1,0,0,0,3155,1,0,Tartij,Mount_Lebanon_Governorate,0,0
0,0,1,0,0,0,0,Tawfiqiya,Baalbek-Hermel_Governorate,0,0
0,0,0,0,0,0,0,Taybet Matjaayoun,Nabatieh_Governorate,0,0
0,0,1,0,0,0,0,Tayr Debbeh,South_Governorate,0,0
1,0,0,0,0,1,0,Tayr Falsay,South_Governorate,0,0
0,0,0,0,0,0,0,Tayr Harfa,South_Governorate,0,0
1,0,0,0,6800,1,0,Teffahta,South_Governorate,0,0
0,0,1,0,0,0,0,Temnine El-Faouqa,Baalbek-Hermel_Governorate,0,0
1,0,0,0,11000,1,0,Temnine Et-Tahta,Baalbek-Hermel_Governorate,0,0
1,0,0,0,3800,1,0,Terbol Zahleh,Beqaa_Governorate,0,1
0,0,1,0,0,0,0,Thoum,North_Governorate,0,0
1,2,0,0,7500,2,0,Tibnine,Nabatieh_Governorate,0,4
1,1,0,0,20000,1,0,Tikrit,Akkar_Governorate,0,3
0,0,0,0,0,0,0,Tiri,Nabatieh_Governorate,0,0
1,0,0,0,1280,1,0,Tleil,Akkar_Governorate,0,0
1,0,0,0,650,1,0,Torbol Menie,North_Governorate,0,0
0,0,1,0,0,0,0,Toula,North_Governorate,0,0
0,0,1,0,0,0,0,Toula El-Batroun,North_Governorate,0,0
0,0,1,0,0,0,0,Touline,Nabatieh_Governorate,0,0
1,0,0,0,4000,2,0,Toura,South_Governorate,0,0
1,56,0,1,3932,89,9,Trablous,North_Governorate,8,63
1,0,0,0,5400,1,0,Tshea,Akkar_Governorate,0,3
1,1,0,0,8250,1,1,Vidar,Mount_Lebanon_Governorate,1,0
0,0,1,0,0,0,0,Wadi Jezzine,South_Governorate,0,0
0,0,1,0,0,0,0,Yammouneh,Baalbek-Hermel_Governorate,0,0
1,0,0,0,2000,1,0,Yanouh Sour,South_Governorate,0,1
1,0,0,0,4000,1,0,Yanta,Beqaa_Governorate,0,0
1,0,0,0,900,1,0,Yaroun,Nabatieh_Governorate,0,0
1,0,0,0,3050,4,0,Yater,Nabatieh_Governorate,0,4
1,0,0,0,3500,1,0,Yohmor En-Nabatiyeh,Nabatieh_Governorate,0,0
0,0,1,0,0,0,0,Yohmor West Bekaa,Beqaa_Governorate,0,0
0,0,0,0,0,0,0,Younine,Baalbek-Hermel_Governorate,0,0
0,0,1,0,0,0,0,Zaaitreh,Mount_Lebanon_Governorate,0,0
1,0,0,0,1700,2,0,Zaarouriyeh,Mount_Lebanon_Governorate,0,0
1,0,0,0,3000,1,0,Zabboud,Baalbek-Hermel_Governorate,0,0
0,0,1,0,0,0,0,Zabbougha,Mount_Lebanon_Governorate,0,0
0,0,1,0,0,0,0,Zaghartaghrine,North_Governorate,0,0
1,3,0,5,13846,13,10,Zahleh El-Maallaqa,Beqaa_Governorate,5,14
0,0,0,0,0,0,0,Zahra,Baalbek-Hermel_Governorate,0,0
0,0,1,0,0,0,0,Zaitoun,Mount_Lebanon_Governorate,0,0
0,0,1,0,0,0,0,Zakrit,Mount_Lebanon_Governorate,0,0
0,0,1,0,0,0,0,Zakroun,North_Governorate,0,0
1,0,0,0,27000,1,0,Zalqa,Mount_Lebanon_Governorate,0,4
0,0,1,0,0,0,0,Zandouqa,Mount_Lebanon_Governorate,0,0
0,0,0,0,0,0,0,Zaneh,North_Governorate,0,0
0,0,1,0,0,0,0,Zaoutar Ech-Charqiyeh,Nabatieh_Governorate,0,0
0,0,1,0,0,0,0,Zaoutar El-Gharbiyeh,Nabatieh_Governorate,0,0
0,0,0,0,0,0,0,Zaraaoun,Mount_Lebanon_Governorate,0,0
0,0,1,0,0,0,0,Zebdine,Mount_Lebanon_Governorate,0,0
0,0,0,0,0,0,0,Zebqine,South_Governorate,0,0
1,0,0,0,5000,1,0,Zefta,Nabatieh_Governorate,0,1
0,0,1,0,0,0,0,Zeita,South_Governorate,0,0
1,2,0,0,4375,8,1,Zgharta-Ehden,North_Governorate,1,1
0,0,1,0,0,0,0,Zhilta,South_Governorate,0,0
0,0,1,0,0,0,0,Zibdine En-Nabatiyeh,Nabatieh_Governorate,0,0
0,0,0,0,0,0,0,Zighrine,Mount_Lebanon_Governorate,0,0
0,0,1,0,0,0,0,Zilaya,Beqaa_Governorate,0,0
1,0,0,0,0,0,0,Zouarib,Akkar_Governorate,0,1
1,3,0,0,54000,1,0,Zouk El-Kharab,Mount_Lebanon_Governorate,0,3
1,1,0,0,45000,1,1,Zouk Mkayel,Mount_Lebanon_Governorate,1,3
1,0,0,0,82000,1,1,Zouk Mousbeh,Mount_Lebanon_Governorate,1,2
1,0,0,0,5300,1,0,Zouq El Hosniyeh,Akkar_Governorate,0,0
1,0,0,0,137,4,0,Zouq El-Hadara,Akkar_Governorate,0,0
1,0,0,0,1048,1,0,Zouq El-Hbalsa,Akkar_Governorate,0,0
1,1,0,0,7000,2,0,Zrariyeh,South_Governorate,0,2
0,0,1,0,0,0,0,Zrazeer,Baalbek-Hermel_Governorate,0,0
0,0,1,0,0,0,0,aain Aalaq,Mount_Lebanon_Governorate,0,0
1,1,0,0,4400,5,0,berqayel,Akkar_Governorate,0,2
0,0,1,0,0,0,0,ebra wChouane,Mount_Lebanon_Governorate,0,0
0,0,1,0,0,0,0,hadtoun,North_Governorate,0,0
1,0,0,0,3300,1,0,jouar Hasheesh,Baalbek-Hermel_Governorate,0,0
0,0,1,0,0,0,0,mazboud,Mount_Lebanon_Governorate,0,0
1,0,0,0,3000,1,0,shebaneye,Mount_Lebanon_Governorate,0,0
1,0,0,0,2000,2,0,tarane,North_Governorate,0,0
0,0,0,0,0,0,0,yahchouch,Mount_Lebanon_Governorate,0,0
