Percentage of cases out of national total ,Existence of chronic diseases - Hypertension,Existence of chronic diseases - does not exist,Town,Nb of Covid-19 cases,Existence of chronic diseases - Cardiovascular disease ,Existence of chronic diseases - Diabetes 
1.00%,1,0,Bireh,72,1,1
1.00%,0,0,A'ain El-Mir (El Establ),62,0,0
0.00%,1,0,AAridet Cheikh Zennad,0,0,1
1.00%,1,0,Aaba,125,1,1
4.00%,1,0,Aabadiyeh,471,1,1
1.00%,1,0,Aabaydat,120,1,1
9.00%,0,0,Aabba,903,0,0
31.00%,1,0,Aabbesiyyi,3244,1,1
1.00%,1,0,Aabdine,84,1,1
20.00%,1,0,Aabra Saida,2156,1,1
2.00%,1,0,Aabrine,239,1,1
2.00%,1,0,Aachach,166,1,1
11.00%,0,0,Aachqout,1155,0,0
4.00%,1,0,Aadaysseh Marjaayoun,413,1,1
0.00%,0,0,Aadchit Ech-Chqif,6,0,0
0.00%,1,0,Aadchit El-Qoussair,22,1,1
11.00%,0,0,Aadloun,1176,0,0
1.00%,1,0,Aadoussiyeh,114,1,1
2.00%,0,1,Aafsdiq,175,0,0
4.00%,1,0,Aain Aanoub,394,1,1
0.00%,1,0,Aain Aarab Rachaya,25,1,1
1.00%,1,0,Aain Aata,157,1,1
3.00%,0,0,Aain Dara,283,0,0
1.00%,1,0,Aain Drafil,122,0,1
5.00%,1,0,Aain Ed-Delb,522,1,1
0.00%,0,1,Aain Ed-Delbe,8,0,0
1.00%,1,0,Aain Ej-Jdideh Aaley,60,1,1
0.00%,0,1,Aain El Saydeh,2,0,0
0.00%,1,0,Aain El-Ghouaybeh,0,1,1
3.00%,1,0,Aain El-Kharroubeh,298,1,1
0.00%,1,0,Aain El-Qabu,6,1,1
5.00%,0,0,Aain Er-Rihane,530,0,0
0.00%,1,0,Aain Er-Roummaneh Aaley,35,1,1
2.00%,1,0,Aain Es-Sindiane,228,1,1
0.00%,1,0,Aain Et-Teffaha,12,1,1
0.00%,1,0,Aain Et-Tineh-Miniyeh,27,1,1
0.00%,1,0,Aain Ez-Zeit,1,1,1
0.00%,1,0,Aain Ez-Zeitouneh,1,1,1
0.00%,1,0,Aain Fraidis,0,1,0
0.00%,1,0,Aain Harsha,16,1,1
4.00%,1,0,Aain Ibl,448,1,1
1.00%,1,0,Aain Jarfa,63,1,1
0.00%,1,0,Aain Jrain,2,1,1
0.00%,1,0,Aain Kfaa,5,1,1
4.00%,1,0,Aain Kfar Zabad,473,1,1
1.00%,1,0,Aain Ksour,78,1,1
0.00%,1,0,Aain Mouaffaq,1,1,1
4.00%,1,0,Aain Ouzain,444,1,1
4.00%,0,0,Aain Qana,459,0,0
1.00%,1,0,Aain Qania,83,1,1
1.00%,1,0,Aain Qinia,151,1,1
40.00%,0,0,Aain Saadeh,4240,0,0
0.00%,1,0,Aain Tinta,0,1,1
0.00%,1,0,Aain Traz,0,1,1
1.00%,1,0,Aain Yaaqoub,131,1,1
1.00%,1,0,Aain Zebdeh,75,1,1
2.00%,1,0,Aain Zhalta,193,1,1
0.00%,0,1,Aain challal,0,0,0
1.00%,0,0,Aainbal,74,0,0
0.00%,1,0,Aaita Ej-Jabal,2,1,1
2.00%,1,0,Aaiyat,223,1,1
7.00%,0,0,Aajaltoun,692,0,0
11.00%,1,0,Aakkar El-Aatiqa,1197,1,1
41.00%,1,0,Aaley,4298,1,1
0.00%,1,0,Aaley Bsatine,8,1,1
14.00%,0,1,Aali En-Nahri,1455,0,0
3.00%,1,0,Aalma,313,1,1
2.00%,1,0,Aalma Ech-Chaab,221,1,1
0.00%,1,0,Aalman,0,1,1
3.00%,1,0,Aalmane Ech-Chouf,275,1,1
0.00%,1,0,Aamaret El-Baykat,2,1,1
0.00%,1,0,Aamayer,0,0,1
34.00%,1,0,Aamchit,3559,1,1
2.00%,1,0,Aammatour,215,1,1
1.00%,1,0,Aammiq Ech-Chouf,63,1,1
2.00%,1,0,Aana,199,1,1
4.00%,1,0,Aandqet,390,1,1
4.00%,1,0,Aanjar (Haouch Moussa),417,1,1
5.00%,1,0,Aanout,534,1,1
9.00%,1,0,Aanqoun,962,1,1
0.00%,1,0,Aaouaainat Aakkar,25,1,1
2.00%,1,0,Aaqabet Rachaya,259,1,1
9.00%,1,0,Aaqaibeh Kesrouane,915,1,1
1.00%,1,0,Aaqtanit,99,1,1
0.00%,0,0,Aarab Ej-Jall,1,0,0
10.00%,1,0,Aarab Salim,1061,1,1
0.00%,1,0,Aarab Tabbaya,3,1,1
6.00%,1,0,Aaraiya,639,1,1
35.00%,1,0,Aaramoun Kesrouane,3701,1,1
2.00%,1,0,Aaramta,179,1,1
1.00%,1,0,Aaray,111,1,1
0.00%,0,0,Aarbaniyeh,45,0,0
0.00%,1,0,Aarbet Qozhaiya,6,1,1
0.00%,1,0,Aarjis,27,1,1
1.00%,0,0,Aarqa,151,0,1
7.00%,1,0,Aarsal,757,1,1
1.00%,1,0,Aassoun,107,1,1
3.00%,1,0,Aatchaneh,330,1,1
1.00%,1,0,Aathrine,65,1,1
0.00%,1,0,Aaychiyeh,4,1,1
0.00%,1,0,Aayha,1,1,1
0.00%,1,0,Aaymar,6,1,1
0.00%,0,0,Aaynab,5,0,0
1.00%,1,0,Aaynata Baalbek,53,1,1
4.00%,1,0,Aaynata Bent Jbeil,447,1,1
0.00%,1,0,Aayoun Aakkar,6,1,1
0.00%,1,0,Aayoun El-Ghizlane,1,1,1
0.00%,1,0,Aayoun El-Matn,4,1,1
0.00%,1,0,Aayroun,42,1,1
6.00%,1,0,Aayta Ech-Chaab,618,1,1
1.00%,1,0,Aayta El-Foukhar,107,1,1
1.00%,1,0,Aaytanit,58,1,1
2.00%,1,0,Aaytat,239,1,1
11.00%,1,0,Aaytit,1130,1,1
0.00%,1,0,Aazour,48,0,1
0.00%,1,0,Aazqai,24,1,1
0.00%,1,0,Aazra ouel Aazr,21,1,1
0.00%,0,0,Aazzi,7,0,0
8.00%,1,0,Ablah,821,1,1
0.00%,0,0,Abou Mizan,3,0,0
0.00%,1,0,Abou Qamha,0,1,1
18.00%,0,0,Adma Oua Dafine,1897,0,0
0.00%,0,0,Adonis,16,0,0
0.00%,1,0,Afqa Jbeil,11,1,1
1.00%,1,0,Ain Aakrine,123,1,1
2.00%,0,0,Aintoura El-Matn,258,0,0
7.00%,1,0,Aintoura Kesrouane,765,1,1
0.00%,1,0,Aintourine,6,1,1
0.00%,0,0,Aitaroun,16,0,0
0.00%,1,0,Alaq,4,1,1
0.00%,0,1,Almat,1,0,0
0.00%,1,0,Amara,0,1,1
9.00%,1,0,Amioun,979,1,1
1.00%,1,0,Anane,94,1,1
16.00%,1,0,Ansar,1689,1,1
0.00%,0,0,Ansar Baalbeck,3,0,1
39.00%,0,1,Antelias-Naccache,4123,0,0
1.00%,1,0,Arnoun,97,1,1
1.00%,1,0,Arsoun,109,1,1
3.00%,1,0,Arzai,336,1,0
2.00%,1,0,Arzoun,231,1,1
0.00%,1,0,Asnoun,9,1,1
1.00%,1,0,Assia,54,1,1
0.00%,1,0,Ayto,2,1,1
100.00%,0,0,Baabda-Louaizi,10601,0,0
9.00%,0,0,Baabdat,965,0,0
1.00%,1,0,Baadarane,118,1,1
133.00%,1,0,Baalbek,14051,1,1
3.00%,0,0,Baalchmay,267,0,0
3.00%,1,0,Baaloul West Bekaa,345,1,1
3.00%,1,0,Baaouerta,267,1,1
16.00%,1,0,Baaqline,1667,1,1
5.00%,1,0,Baassir,556,1,1
0.00%,1,0,Bab Mareaa,10,0,1
7.00%,1,0,Babliyeh,739,1,1
0.00%,0,0,Badbhoun,2,0,0
0.00%,1,0,Baghdadi,1,1,1
1.00%,1,0,Bahbouch,66,1,1
9.00%,1,0,Baisour,993,1,1
0.00%,1,0,Baisour Jezzine,10,1,1
15.00%,1,0,Bakhaaoun,1555,1,1
0.00%,1,0,Bakka,44,1,1
0.00%,1,0,Bakkifac Rachaya,50,1,1
22.00%,1,0,Balloune,2370,1,1
0.00%,1,0,Bane,21,1,1
0.00%,1,0,Bany haiyane,0,1,1
103.00%,0,0,Baouchriyeh el Sad,10840,0,0
6.00%,0,0,Baraachit,589,0,0
0.00%,1,0,Barghoun,8,1,1
39.00%,1,0,Barja,4106,1,1
1.00%,0,0,Barqa,91,0,0
28.00%,1,0,Barr Elias,2982,1,1
5.00%,1,0,Barsa,572,1,1
0.00%,0,1,Basateen Aakar,0,0,0
7.00%,1,0,Baskinta,705,1,1
3.00%,0,0,Bater,272,0,0
1.00%,1,0,Batha,105,1,1
4.00%,1,0,Batloun,422,1,1
6.00%,1,0,Batoulay,593,1,1
2.00%,1,0,Batroumine,181,1,1
16.00%,1,0,Batroun,1692,1,1
0.00%,1,0,Bayzoun,1,0,1
0.00%,0,1,Bazaaoun,47,0,0
21.00%,1,0,Bazouriyeh,2203,1,1
53.00%,0,0,Bchamoun,5620,0,0
0.00%,1,0,Bchannine,4,1,1
8.00%,1,0,Bcharreh,804,1,1
0.00%,1,0,Bcheaali,13,1,1
1.00%,1,0,Bchtfine,59,1,1
3.00%,1,0,Bdadoun,314,1,1
1.00%,1,0,Bdebba,96,1,1
9.00%,1,0,Bebnine,924,1,1
2.00%,1,0,Bechmizzine,228,1,1
1.00%,1,0,Bechouat,115,1,1
0.00%,1,0,Bechtoudar,0,1,1
19.00%,0,0,Beddaoui,2032,0,0
1.00%,1,0,Bedghan Oua Ouadi Bedghan,115,1,1
3.00%,0,0,Bedias,347,0,0
0.00%,1,0,Bednayel El-Koura,18,1,1
0.00%,1,0,Behdaydat,23,1,1
0.00%,1,0,Behnine,0,1,1
0.00%,1,0,Behouaita,3,1,1
0.00%,1,0,Beino,1,1,1
1.00%,1,0,Beit Ayoub,54,1,1
3.00%,1,0,Beit Chama,294,1,1
0.00%,0,1,Beit Chlala,24,0,0
0.00%,1,0,Beit Ed-Dine,3,1,1
1.00%,1,0,Beit El Haj,61,1,1
1.00%,1,0,Beit El-Faqs,73,1,1
0.00%,0,0,Beit El-Haouch,1,1,1
20.00%,1,0,Beit El-Kekko,2085,1,1
0.00%,1,0,Beit Haouik,1,1,1
1.00%,1,0,Beit Hbaq,60,1,1
0.00%,0,0,Beit Kassab,0,0,0
0.00%,1,0,Beit Lahia,25,0,0
8.00%,1,0,Beit Lif,818,1,1
1.00%,1,0,Beit Mellat,57,1,1
11.00%,1,0,Beit Meri,1214,0,0
0.00%,0,0,Beit Monzer,0,1,1
10.00%,0,1,Beit Obeid,1048,0,0
0.00%,0,0,Beit Yahoun,4,0,0
1.00%,1,0,Beit Younes,63,1,1
1.00%,1,0,Bejjeh,103,1,1
0.00%,1,0,Bekhaaz,4,1,1
1.00%,1,0,Benouati Jezzine,62,1,1
7.00%,1,0,Bent Jbeil,767,1,1
1.00%,0,0,Beqaata Aachqout,88,0,0
0.00%,1,0,Beqaata Kanaan,14,1,1
0.00%,1,0,Berbara Aakkar,19,1,1
0.00%,1,0,Berbara Jbeil,38,1,1
0.00%,0,0,Berhalioun,28,0,0
1.00%,1,0,Berti,60,0,1
0.00%,1,0,Beslouqit,17,1,1
0.00%,1,0,Besri Jezzine,7,1,1
0.00%,1,0,Bestiyat,3,1,1
1.00%,1,0,Bezbina,142,1,1
3.00%,0,0,Bhamdoun Ed-Dayaa,348,0,0
1.00%,1,0,Bhamdoun El-Mhatta,81,1,1
2.00%,1,0,Bhersaf,179,1,1
0.00%,1,0,Bichtlida,28,0,1
2.00%,1,0,Bijdarfil,191,1,1
6.00%,1,0,Bikfaya,617,1,1
1.00%,1,0,Binnay,112,1,1
1.00%,1,0,Bintaael,83,1,1
0.00%,1,0,Biret Aakkar,17,0,1
0.00%,1,0,Biret Rachaya,3,1,1
0.00%,1,0,Bisrin,0,1,1
7.00%,1,0,Bissariyeh,705,1,1
0.00%,0,0,Biyad,5,0,0
0.00%,1,0,Bizhel,5,1,1
1.00%,1,0,Bkassine,152,1,1
1.00%,1,0,Bkeftine,87,1,1
0.00%,1,0,Bkhichtay,39,1,1
1.00%,1,0,Blaouza,80,1,1
21.00%,1,0,Blat Marjaayoun,2192,1,1
9.00%,1,0,Blaybel,963,1,1
2.00%,1,0,Blida,219,1,1
0.00%,0,0,Bmahray,30,0,1
0.00%,1,0,Bmakine,29,0,1
0.00%,1,0,Bmaryam,12,1,1
2.00%,1,0,Bnaafoul,162,1,1
0.00%,1,1,Bnabil,39,1,1
1.00%,0,1,Bnehran,97,0,0
0.00%,1,0,Bnoueiti,13,1,1
0.00%,0,0,Bohayra,2,0,0
0.00%,1,0,Bohwara,0,0,1
0.00%,1,0,Borj Aakkar,50,1,1
1.00%,1,0,Borj El-Moulouk,148,1,1
0.00%,1,0,Borj El-Yahoudiyeh,5,1,1
5.00%,1,0,Borj En-Naqoura,577,1,1
12.00%,1,0,Borj Rahhal,1231,1,1
3.00%,0,0,Borj qalaouiyeh,290,0,0
1.00%,1,0,Botmeh,153,1,1
0.00%,1,0,Bouaida,8,1,1
10.00%,1,0,Bouar,1041,1,1
2.00%,1,0,Bouarej,229,1,1
0.00%,0,0,Boulhos,0,0,0
1.00%,1,0,Bourj El Arab,95,1,1
154.00%,0,1,Bourj El-Brajneh,16251,0,0
8.00%,0,0,Bourj Hammoud,815,0,0
4.00%,1,0,Bourjein,430,1,1
0.00%,1,0,Boussit,1,0,0
0.00%,1,0,Boustane,1,1,1
0.00%,1,0,Boustane Heresh,10,1,1
6.00%,0,1,Boutchay,634,0,0
1.00%,1,0,Bqaa Kafra,56,1,1
1.00%,1,0,Bqaa Sefrine,122,0,1
1.00%,1,0,Bqaatouta,127,1,1
1.00%,0,0,Bqarsouna,146,0,0
0.00%,1,0,Bqerqacha,46,1,1
0.00%,1,0,Bqerzla,1,1,1
13.00%,1,0,Bqosta,1326,1,1
3.00%,1,0,Braiqeaa,311,1,1
2.00%,1,0,Bramiyeh,202,1,1
0.00%,1,0,Breissat,1,1,1
3.00%,1,0,Brih,308,1,1
19.00%,1,0,Brital,1992,1,1
10.00%,0,0,Broummana El-Matn,1109,0,0
10.00%,1,0,Bsaba Baabda,1084,1,1
2.00%,1,0,Bsaba Ech-Chouf,212,1,1
30.00%,0,1,Bsalim,3190,0,0
0.00%,1,0,Bsalya,1,1,1
3.00%,1,0,Bsarma,270,1,1
5.00%,0,0,Bsous,573,0,0
1.00%,1,0,Btaaboura,110,1,1
0.00%,1,0,Btalloun,8,1,1
2.00%,0,1,Btater,225,0,0
0.00%,1,0,Btedaai,3,1,1
0.00%,1,0,Btedine El-Leqch,11,1,1
1.00%,1,0,Bteghrine,73,1,1
1.00%,1,0,Btekhnay,115,0,1
1.00%,1,0,Btermaz,78,1,1
3.00%,1,0,Bterram,279,1,1
4.00%,1,0,Btouratij,402,0,1
17.00%,1,0,Byaqout,1811,1,1
2.00%,1,0,Bzal,189,1,1
2.00%,1,0,Bziza,242,1,1
1.00%,1,0,Bzoummar,97,1,1
7.00%,1,0,Chaaitiyeh-Malkiyah,752,1,1
4.00%,0,0,Chaat,451,0,0
1.00%,1,0,Chadra,148,1,1
2.00%,0,0,Chahtoul,207,0,0
1.00%,0,0,Chamaa,108,0,0
0.00%,1,0,Chamate,22,1,1
2.00%,1,0,Chanay,197,1,1
1.00%,1,0,Chane,120,1,1
11.00%,0,0,Chaouiyeh,1119,0,0
0.00%,1,0,Chaqdouf,13,0,0
1.00%,1,0,Charbila,54,1,1
1.00%,1,0,Charbine El-Hermel,110,1,1
3.00%,1,0,Charoun,296,1,1
7.00%,0,1,Charqiyeh,702,0,0
0.00%,0,1,Chartoun,42,0,0
4.00%,1,0,Chebaa,433,1,1
19.00%,1,0,Chehabiyeh,1986,1,1
0.00%,1,0,Chehabiyeh Faour,10,1,1
4.00%,1,0,Chehour,470,1,1
0.00%,0,0,Cheikh Ayash,36,1,1
2.00%,1,0,Cheikh Mohammad,232,1,1
2.00%,1,0,Cheikh Taba,227,1,1
0.00%,1,0,Cheikh Zennad,0,1,1
1.00%,1,0,Cheikhlar,128,1,1
39.00%,1,0,Chhim,4117,1,1
1.00%,1,0,Chibtine,54,1,1
1.00%,1,0,Chihine,77,1,1
0.00%,1,0,Chikhane,50,1,1
18.00%,0,0,Chikka,1896,0,0
0.00%,1,0,Chimlane,16,1,1
38.00%,1,0,Chiyah,4002,1,1
1.00%,0,0,Chlifa,115,0,0
13.00%,0,0,Chmistar,1364,0,0
2.00%,1,0,Chnanaair,196,1,1
1.00%,1,0,Choualiq Jezzine,105,1,1
1.00%,1,0,Chouaya Hasbaiya,84,1,1
0.00%,0,0,Chouaya Maten,5,0,0
275.00%,1,0,Choueifat El-Aamrousiyeh,29081,1,1
1.00%,1,0,Chouit,128,1,1
3.00%,1,0,Choukine,320,1,1
0.00%,1,0,Chourit,0,1,1
7.00%,1,0,Chtaura,728,1,1
0.00%,0,0,Daghleh,12,0,1
2.00%,1,0,Dahr El-Ahmar,221,1,1
0.00%,0,0,Dahr El-Maghara,4,0,0
0.00%,1,0,Dahr El-Qanbar,0,1,1
3.00%,1,0,Dahr Es-Souane El-Matn,329,1,1
0.00%,1,0,Dahr Laissine,13,1,1
5.00%,1,0,Dalhoun,476,1,1
0.00%,0,0,Damalsa,13,0,0
7.00%,1,0,Damour,712,1,1
2.00%,1,0,Daoura,171,1,1
0.00%,0,0,Daqqoun,23,0,0
3.00%,1,0,Dar Baaechtar,310,1,1
1.00%,1,0,Dar Chmizzine,58,1,1
2.00%,0,0,Daraaoun,224,0,0
9.00%,1,0,Daraiya Ech-Chouf,945,1,1
0.00%,1,0,Daraiya Kesrouane,24,1,1
3.00%,1,0,Darb Es-Sim,291,1,1
0.00%,1,0,Darine,0,1,1
69.00%,0,0,Dayshouniyi,7246,0,0
0.00%,1,0,Debaal Menie,0,1,1
4.00%,0,0,Debaal Sour,455,0,0
3.00%,1,0,Debl,355,1,1
7.00%,1,0,Deddeh,778,1,1
0.00%,1,0,Deir Aames,7,1,1
5.00%,1,0,Deir Aammar,565,1,1
0.00%,1,0,Deir Baba,0,1,1
0.00%,1,0,Deir Billa,51,1,1
0.00%,1,0,Deir Chamra,0,1,1
1.00%,1,0,Deir Dalloum,91,1,1
0.00%,1,0,Deir Dourit,31,1,1
0.00%,1,0,Deir El-Aachayer,0,1,1
7.00%,1,0,Deir El-Ahmar,687,1,1
2.00%,1,0,Deir El-Ghazal,174,0,1
0.00%,1,0,Deir El-harf,26,1,1
11.00%,0,0,Deir Ez-Zahrani,1196,0,0
0.00%,1,0,Deir Jannine,17,1,1
3.00%,1,0,Deir Kifa,338,1,1
0.00%,1,0,Deir Koucheh,37,1,1
1.00%,1,0,Deir Mimas,131,1,1
1.00%,1,0,Deir Nbouh,126,1,1
3.00%,1,0,Deir Ntar,358,1,1
0.00%,1,0,Deir Qanoun El-Aain,12,1,1
8.00%,1,0,Deir Qanoun En-Nahr,869,1,1
7.00%,0,0,Deir Qoubel,765,0,0
1.00%,1,0,Deir Siriane,106,1,1
77.00%,0,0,Dekouaneh,8087,0,0
0.00%,1,0,Dellafeh,19,1,1
0.00%,1,0,Derdaghaiya,1,1,1
1.00%,0,0,Dfoun,72,0,0
0.00%,1,0,Dhayra,0,1,1
0.00%,0,0,Dhour el hawa,31,0,1
5.00%,1,0,Dibbabiyeh,525,1,1
2.00%,1,0,Dibbine,205,1,1
2.00%,1,0,Dibbiyeh,221,1,1
14.00%,1,0,Dik El-Mehdi,1452,0,0
1.00%,0,0,Dimane,62,1,1
0.00%,0,0,Dlebta,24,0,0
3.00%,1,0,Dmit,349,1,1
0.00%,0,0,Douair Aadouiyeh,18,0,1
9.00%,0,0,Douair En-Nabatiyeh,977,0,0
2.00%,0,1,Douma,168,0,0
13.00%,1,0,Douris,1410,1,1
0.00%,1,0,Edde El-Batroun,22,1,1
4.00%,0,0,Eddeh Jbeil,419,1,1
0.00%,1,0,Eghbe,0,1,1
4.00%,1,0,Ehmej,397,1,1
2.00%,1,0,Ein el Dahab,219,1,1
6.00%,1,0,El Ain,615,1,1
1.00%,1,0,El Ghabe,56,1,1
1.00%,1,0,El Kfeir,114,1,1
4.00%,1,0,El Manara,401,1,1
9.00%,1,0,El Marej,956,1,1
0.00%,1,0,En-Nahriyyi,1,1,1
10.00%,1,0,Enfeh,1023,1,1
1.00%,0,0,Erkay,155,0,0
4.00%,0,0,Falougha,377,0,0
40.00%,1,0,Fanar,4196,1,1
2.00%,0,0,Faraya,249,1,1
0.00%,1,0,Fard,0,1,1
1.00%,1,0,Fardis Hasbaiya,117,1,1
2.00%,1,0,Fatqa,202,0,1
1.00%,1,0,Fatre,147,1,1
6.00%,1,0,Faytroun,591,1,1
4.00%,1,0,Fekehe,469,1,1
0.00%,1,0,Ferhet,0,1,1
1.00%,1,0,Fghal,74,1,1
3.00%,1,0,Fiaa,280,1,1
0.00%,1,0,Fikani,31,1,1
0.00%,1,0,Fisan,6,1,1
5.00%,1,0,Fnaydek,558,1,1
0.00%,1,0,Fouara,19,1,1
11.00%,0,0,Fourzol,1174,0,0
0.00%,1,0,Fraides,0,0,1
0.00%,1,0,Fraikeh,47,1,1
6.00%,1,0,Fraudis Ech-Chouf,595,1,1
2.00%,0,1,Froun,247,0,0
76.00%,1,0,Furn Ech-Chebbak,8029,1,1
0.00%,1,0,Ghabat,9,1,1
1.00%,1,0,Ghaboune,123,1,1
1.00%,0,0,Ghalboun,70,1,1
0.00%,0,0,Ghandouriyet Bent Jbeil,0,1,1
0.00%,1,0,Gharzouz,12,1,1
2.00%,1,0,Ghassaniyeh,172,1,1
0.00%,1,0,Ghazayleh,0,1,0
25.00%,1,0,Ghazir,2617,1,1
20.00%,1,0,Ghaziyeh,2153,1,1
8.00%,1,0,Ghazzeh,805,1,1
0.00%,1,0,Ghbaet Bolonya,38,1,1
1.00%,1,0,Ghbaleh Kesrouane,127,1,1
0.00%,1,0,Ghbatiyeh,6,1,1
3.00%,1,0,Ghidras,285,1,1
1.00%,1,0,Ghineh,149,1,1
218.00%,1,0,Ghobairi,23032,1,1
2.00%,1,0,Ghoifine,163,1,1
4.00%,1,0,Ghosta,398,1,1
14.00%,1,0,Habbouch En-Nabatiyeh,1500,1,1
0.00%,0,0,Habil,0,0,0
0.00%,1,0,Hadath Baalback,26,1,1
1.00%,1,0,Hadath Ej-Jebbeh,57,1,1
182.00%,1,0,Hadath-Sbeineh,19194,1,1
3.00%,1,0,Hadchit,290,1,1
3.00%,0,0,Haddatha,301,0,0
1.00%,1,0,Hajjeh,89,1,1
0.00%,1,0,Hakel,1,0,1
0.00%,1,0,Hakour,1,1,1
19.00%,0,1,Halate,1969,0,0
13.00%,1,0,Halba,1407,1,1
1.00%,1,0,Halbata,69,1,1
2.00%,1,0,Halloussiyeh,214,1,1
3.00%,1,0,Hamat,276,1,1
5.00%,1,0,Hammana,525,1,1
0.00%,1,0,Hanaouay,25,1,1
0.00%,0,0,Hanine,25,0,0
0.00%,1,0,Haouch El Qinnabeh Rachaya,0,1,1
2.00%,0,0,Haouch El-Harime,230,0,0
0.00%,1,0,Haouch En-Nabi,30,1,1
6.00%,1,0,Haouch Er-Rafqa,624,1,1
20.00%,1,0,Haouch Hala,2130,1,1
1.00%,0,0,Haouch Snaid,56,0,0
1.00%,1,0,Haouch Tall Safiyeh,87,1,1
0.00%,1,0,Haouche Barada,33,1,1
1.00%,1,0,Haql el Aazimeh,98,1,1
0.00%,1,0,Harabta,6,1,1
2.00%,1,0,Haret Es-Sit,221,1,1
2.00%,1,0,Haret Fouar,204,1,1
177.00%,1,0,Haret Hreik,18708,1,1
1.00%,1,0,Haret Jandal,70,1,1
19.00%,1,0,Haret Saida,2044,1,1
0.00%,1,0,Harf,19,1,1
0.00%,1,0,Harf Es-Sayad,31,0,1
11.00%,0,0,Haris,1199,0,0
18.00%,1,0,Harouf,1914,1,1
8.00%,1,0,Hasbaiya,796,1,1
0.00%,0,0,Hasbaiya El-Matn,33,0,1
3.00%,1,0,Hasrayel,335,1,1
2.00%,1,0,Hasroun,179,1,1
2.00%,0,0,Hasrout,206,0,0
0.00%,1,0,Hayshe,1,1,1
1.00%,1,0,Hayssa,155,1,1
0.00%,1,0,Haytla,24,1,1
0.00%,1,0,Haytoura,0,0,0
1.00%,1,0,Hayzouq,107,1,1
5.00%,0,0,Hazerta,553,0,0
36.00%,0,0,Hazmiyah,3832,0,0
0.00%,1,0,Hazmiyet-Miniyeh,1,1,1
0.00%,1,0,Hdeine,39,1,1
2.00%,1,0,Hebbariyeh,224,1,1
0.00%,1,0,Hedd,0,0,1
0.00%,1,0,Helouet Rachaya,1,1,1
0.00%,0,0,Henniyeh,0,0,0
1.00%,1,0,Heri,63,1,1
25.00%,1,0,Hermel,2598,1,1
0.00%,1,0,Hidab,4,1,1
0.00%,1,0,Hilan,2,1,1
5.00%,0,0,Himlaya,493,0,0
2.00%,1,0,Hizzine,160,1,1
0.00%,1,0,Hjoula,13,1,1
0.00%,1,0,Hlaliyeh,49,1,1
2.00%,1,0,Hlaliyeh Saida,185,1,1
0.00%,1,0,Hmaireh Aakkar,11,1,1
0.00%,0,0,Hmairi Sour,0,1,1
0.00%,1,0,Hocheb,0,1,1
0.00%,0,0,Homsiyeh,11,0,0
1.00%,1,0,Houaich,109,1,1
8.00%,0,0,Houla,802,0,0
1.00%,1,0,Houmine El-Faouqa,98,1,1
3.00%,1,0,Houmine Et-Tahta,293,1,1
0.00%,1,0,Howara,13,1,1
6.00%,0,0,Hrajel,614,0,0
2.00%,1,0,Hrar,172,1,1
2.00%,1,0,Hsarat,192,1,1
0.00%,1,0,Hsayn,42,1,1
0.00%,0,0,Hsoun,25,0,0
4.00%,1,0,Iaat,384,1,1
3.00%,1,0,Ibl Es-Saqi,304,1,1
0.00%,1,0,Idbil,9,1,1
1.00%,1,0,Ighmid,74,1,1
0.00%,1,0,Ijbaa,1,0,1
1.00%,1,0,Ijdaabrine,56,1,1
1.00%,1,0,Ilat,71,1,1
8.00%,1,0,Insariyeh,830,1,1
1.00%,0,0,Izal,125,0,1
15.00%,1,0,Jaaita,1605,1,1
8.00%,1,0,Jadra,803,1,1
3.00%,0,0,Jahliyeh,359,0,0
1.00%,1,0,Jaj,63,1,1
35.00%,1,0,Jall Ed-Dib,3669,1,1
0.00%,0,0,Janneh Mar Sarkis,0,0,0
0.00%,1,0,Jarbata,15,1,1
1.00%,1,0,Jarjouaa,135,1,1
0.00%,1,0,Jarmaq,16,1,1
1.00%,1,0,Jbaa En-Nabatiyeh,121,1,1
3.00%,1,0,Jbaa En-Nabatiyeh-Ein-Boswar,277,1,1
3.00%,1,0,Jbal El-Botm,340,0,1
49.00%,1,0,Jbeil,5186,1,1
0.00%,1,0,Jbouleh,37,1,1
1.00%,1,0,Jdaidet Ghazir,130,1,1
1.00%,1,0,Jdaidet Marjaayoun,153,1,1
16.00%,1,0,Jdeidet Ech-Chouf,1669,1,1
0.00%,1,0,Jdidet Ej-Joumeh,12,1,1
10.00%,1,0,Jdita,1067,1,1
1.00%,1,0,Jebrayel,107,1,1
0.00%,1,0,Jenjlaya,1,1,1
0.00%,0,0,Jennata,6,0,0
1.00%,1,0,Jensnaya,67,1,1
0.00%,1,0,Jenta,0,1,1
2.00%,1,0,Jeoddayel Jbeil,218,1,1
0.00%,1,0,Jermanya,0,1,1
0.00%,0,1,Jernaya,21,0,0
7.00%,1,0,Jezzine-Ain Majdelin,750,1,1
10.00%,1,1,Jibchit,1050,0,1
15.00%,1,0,Jiyeh,1597,1,1
0.00%,1,0,Jmailiyeh,0,1,1
14.00%,1,0,Jouaiya,1486,1,1
0.00%,1,0,Jouar El-Haouz,25,1,1
9.00%,1,0,Joubb Jannine,984,1,1
5.00%,0,0,Joun,571,0,0
67.00%,0,0,Jounie,7104,0,0
0.00%,1,0,Jouret Arsoun,2,1,1
0.00%,1,0,Jouret Bedrane,17,1,1
0.00%,1,0,Jouret E-Tourmos,25,1,1
3.00%,1,0,Jouret El-Ballout,332,1,1
0.00%,1,0,Kafr,30,0,1
0.00%,1,0,Kafr Harra,7,1,1
0.00%,0,0,Kafr Hatna,4,0,0
2.00%,1,0,Kafr Jarrah,182,1,1
2.00%,1,0,Kafr Saroun,205,1,1
0.00%,1,0,Kafr horra,0,1,1
5.00%,1,0,Kafra Bent Jbeil,571,1,1
0.00%,1,0,Kafraiya West Bekaa,12,1,1
2.00%,1,0,Kafraya El-Koura,236,1,1
0.00%,0,1,Kafrkida,0,0,0
0.00%,1,0,Kafrnoun,0,1,1
0.00%,1,0,Kafrya,8,1,1
1.00%,1,0,Kaftoun,57,1,1
0.00%,1,0,Kahef Maloul,19,1,1
13.00%,1,0,Kahhaleh,1376,1,1
0.00%,1,0,Kahlouniet Ech-Chouf,2,1,1
8.00%,1,0,Kamed El-Laouz,863,1,1
1.00%,1,0,Kaoukaba Bou Arab,100,1,1
0.00%,1,0,Kaoukaba Hasbaiya,24,0,1
5.00%,1,0,Kaoutariyet Es-Siyad,495,1,1
0.00%,0,0,Karkha,16,0,0
0.00%,1,0,Karm El-Mohr,3,1,1
2.00%,1,0,Karm Saddeh,175,1,1
0.00%,0,1,Karm Zebdine,0,0,0
9.00%,1,0,Ketermaya,994,1,1
4.00%,1,0,Keyfoun,427,1,1
4.00%,1,0,Kfar Aabida,411,1,1
0.00%,1,0,Kfar Aamay,1,1,1
0.00%,1,0,Kfar Aaqab,29,1,1
6.00%,1,0,Kfar Aaqqa,670,1,1
1.00%,1,0,Kfar Baal,69,1,1
1.00%,1,0,Kfar Beit,71,1,1
0.00%,1,0,Kfar Bibnine,33,1,1
0.00%,1,0,Kfar Chellal,12,1,1
1.00%,1,0,Kfar Chellane,104,1,1
20.00%,1,0,Kfar Chima,2064,1,1
1.00%,1,0,Kfar Chouba,151,1,1
1.00%,1,0,Kfar Dane,146,1,1
1.00%,1,0,Kfar Denis,152,1,1
4.00%,1,0,Kfar Dibiane,370,1,1
3.00%,1,0,Kfar Dounine,286,1,1
0.00%,1,0,Kfar Falous,17,1,1
0.00%,1,0,Kfar Faqoud,19,1,1
4.00%,1,0,Kfar Habou,418,1,1
1.00%,1,0,Kfar Hamam,99,1,1
4.00%,1,0,Kfar Hatta Saida,465,1,1
0.00%,1,0,Kfar Hay,49,1,1
3.00%,1,0,Kfar Hazir,369,1,1
5.00%,0,0,Kfar Heam,554,0,0
1.00%,1,0,Kfar Hilda,60,1,1
1.00%,1,0,Kfar Houneh,126,1,1
1.00%,1,0,Kfar Jreif,86,1,1
8.00%,1,0,Kfar Kila,888,1,1
4.00%,1,0,Kfar Matta,409,0,1
4.00%,1,0,Kfar Melki Saida,423,1,1
3.00%,1,0,Kfar Nabrakh,290,1,1
0.00%,0,0,Kfar Niss,13,0,0
0.00%,0,0,Kfar Qatra,45,0,0
1.00%,1,0,Kfar Qouq,154,1,1
11.00%,1,0,Kfar Roummane,1122,1,1
2.00%,1,0,Kfar Selouane,207,1,1
10.00%,1,0,Kfar Sir,1071,1,1
0.00%,1,0,Kfar Tay El-Matn,0,1,1
5.00%,1,0,Kfar Tibnit,534,1,1
0.00%,1,0,Kfar michki,1,1,1
4.00%,1,0,Kfardlaqous,381,1,1
1.00%,1,0,Kfarfila,156,1,1
1.00%,1,0,Kfarfou,132,1,0
2.00%,1,0,Kfarhata,189,1,1
2.00%,1,0,Kfarhata Zgharta,213,1,1
1.00%,1,0,Kfarsghab,151,1,1
0.00%,1,0,Kfartoun,1,1,1
2.00%,1,0,Kfaryachit,159,1,1
7.00%,1,0,Kfarzabad,695,1,1
2.00%,1,0,Kfarzaina,250,0,1
1.00%,1,0,Kfoun,73,1,1
0.00%,1,0,Kfour El-Aarbi,12,1,1
12.00%,1,0,Kfour En-Nabatieh,1264,1,1
0.00%,1,0,Khalwat,42,1,1
0.00%,1,0,Kharbe,1,1,1
0.00%,1,0,Kharnoub,0,1,1
1.00%,1,0,Khartoum,67,1,1
0.00%,1,0,Khat el Petrol,0,1,1
9.00%,1,0,Khayayeb Saida,993,1,1
0.00%,0,0,Khereibet Ech-Chouf,4,0,0
2.00%,1,0,Khinchara,212,1,1
0.00%,1,0,Khirbet Bisri,0,1,1
0.00%,1,0,Khirbet Char,50,1,1
1.00%,1,0,Khirbet Daoud Aakkar,78,1,1
0.00%,1,0,Khirbet Jord,0,1,1
2.00%,1,0,Khirbet Qanafar,249,1,1
2.00%,1,0,Khirbet Rouha,170,1,1
6.00%,1,0,Khirbet Selm,642,1,1
13.00%,0,0,Khiyam Marjaayoun,1415,0,0
3.00%,1,0,Khodr Baalbek,312,1,1
0.00%,1,0,Khreibet Baabda,12,1,1
0.00%,1,0,Khreibet Ej-Jindi,1,1,1
0.00%,0,0,Khzaiz,0,0,1
0.00%,1,0,Kleyleh,0,1,1
0.00%,0,1,Kneisset Aakkar,3,0,0
0.00%,1,0,Kneisset Ech-Chouf,17,0,1
0.00%,0,0,Kneisset Sour,0,0,0
0.00%,1,0,Kouachra,39,1,1
1.00%,1,0,Kouakh,84,1,1
1.00%,1,0,Koueikhat,73,1,1
3.00%,1,0,Kounine,307,0,1
1.00%,1,0,Kour,67,1,1
7.00%,1,0,Kousba,687,1,1
0.00%,0,0,Kroum El-Aarab,0,0,1
9.00%,0,0,Laboueh,992,0,0
4.00%,1,0,Lala,407,1,1
0.00%,1,0,Laqlouq,1,1,1
0.00%,1,0,Lassa,39,1,1
2.00%,1,0,Lebaa,164,1,1
1.00%,1,0,Lehfed,62,1,1
3.00%,0,0,Libbaya West Bekaa,332,0,0
0.00%,0,0,Louayzet Jezzine,11,1,1
3.00%,1,0,Loubieh,287,1,1
0.00%,1,0,Maad,2,0,1
1.00%,1,0,Maarab,53,1,1
0.00%,1,0,Maaraboun,20,1,1
24.00%,1,0,Maarakeh,2587,1,1
7.00%,0,0,Maaroub,721,0,0
0.00%,1,0,Maasrati,0,1,1
0.00%,1,0,Maasser Beit Ed-Dine,32,1,1
1.00%,0,0,Maasser Ech-Chouf,88,0,0
1.00%,1,0,Maaysra Kesrouane,109,1,1
14.00%,1,0,Machghara,1478,1,1
3.00%,1,0,Machha,271,1,1
0.00%,1,0,Machmoucheh,7,1,1
1.00%,1,0,Machta Hammoud,141,1,1
1.00%,1,0,Machta Hassan,56,1,1
6.00%,1,0,Maghdoucheh,647,1,1
0.00%,1,0,Magher wbala,1,1,1
2.00%,1,0,Mahrouna,201,1,1
2.00%,1,0,Majdala,244,1,1
1.00%,1,0,Majdaloun,78,1,1
0.00%,0,1,Majdalouna,0,0,0
5.00%,1,0,Majdel,521,1,1
14.00%,1,0,Majdel Aanjar,1468,1,1
2.00%,1,0,Majdel Baana,257,1,1
0.00%,1,0,Majdel Balhis,0,1,1
0.00%,1,0,Majdel El-Aqoura,19,1,1
0.00%,0,0,Majdel El-Meouch,9,0,1
9.00%,1,0,Majdel Selm,938,1,1
1.00%,1,0,Majdel el-Koura,157,1,1
0.00%,0,0,Majdel tarchich,10,0,0
6.00%,1,0,Majdelyoun,603,1,1
6.00%,1,0,Majdelzoun,645,1,1
0.00%,1,0,Maknounet Jezzine,22,1,1
4.00%,1,0,Makseh,388,1,1
0.00%,1,0,Malkiyah Village,42,1,1
2.00%,1,0,Mansoura,245,1,1
6.00%,1,0,Mansouri,619,1,1
0.00%,1,0,Mansouriyet Bhamdoun,5,1,1
2.00%,1,0,Maqneh,243,1,1
1.00%,1,0,Mar Boutros Karm Et-Tine,132,1,1
2.00%,1,0,Mar Chaaya,180,1,1
0.00%,1,0,Mar Mama,0,1,1
3.00%,0,0,Mar Moussa Ed-Douar,328,0,0
0.00%,0,0,Marj Barja,0,0,0
0.00%,1,0,Marj Ez-Zouhour (Haouch El-Qinnaabeh),31,1,1
1.00%,0,0,Marjaba,103,0,0
3.00%,1,0,Markaba,289,1,1
0.00%,0,0,Maroun Er-Ras,2,0,0
1.00%,1,0,Massa,130,1,1
0.00%,1,0,Massaaoudiyeh,45,1,1
3.00%,1,0,Mayasseh,296,1,1
1.00%,1,0,Maydoun,133,1,1
8.00%,1,0,Mayfadoun,848,1,1
1.00%,0,0,Mayfouq,74,0,0
2.00%,1,0,Mayrouba,252,1,1
2.00%,1,0,Mazareaa Jabal Akroum,202,1,1
0.00%,1,0,Mazraat Assaf,0,0,1
0.00%,1,0,Mazraat Balda,0,1,1
0.00%,1,0,Mazraat Bani Saab,0,1,1
0.00%,1,0,Mazraat Bani Sakher,1,1,1
0.00%,1,0,Mazraat Beit Ghattas,4,1,1
2.00%,1,0,Mazraat Ech-Chouf,163,1,1
18.00%,0,0,Mazraat El-Hdaira,1930,0,0
0.00%,1,0,Mazraat El-Mathane,0,1,1
0.00%,1,0,Mazraat Es-Dahr,20,1,1
0.00%,1,0,Mazraat Et-Teffah,12,1,1
0.00%,1,0,Mazraat Ez-Zalloutiyeh,0,1,1
0.00%,1,0,Mazraat Harkish,0,1,1
0.00%,1,0,Mazraat Hokka,0,1,1
1.00%,1,0,Mazraat Mechref,71,1,1
0.00%,1,0,Mazraat Nahr Zgharta,2,1,1
0.00%,1,0,Mazraat Swaidan,0,0,1
22.00%,1,0,Mazraat Yachouaa,2325,1,1
1.00%,1,0,Mazraat beit Mchaik,61,1,1
0.00%,0,0,Mchaneh,39,0,0
2.00%,1,0,Mcherfeh,160,1,1
3.00%,0,0,Mchikha,364,0,0
0.00%,0,1,Mdoukha,48,0,0
1.00%,1,0,Mechref,86,1,1
0.00%,1,0,Mehmarch,2,1,1
2.00%,1,0,Meimes,199,1,1
12.00%,1,0,Meiss Ej-Jabal,1279,1,1
0.00%,1,0,Mejdlaiya,14,1,1
18.00%,1,0,Mejdlaiya Zgharta,1855,1,1
0.00%,0,0,Menneaa,0,1,0
0.00%,1,0,Meri,11,1,1
1.00%,1,0,Merkebta,148,1,1
0.00%,1,0,Merouahine,21,1,1
7.00%,1,0,Merouaniyeh,702,1,1
0.00%,1,0,Metrit,34,1,1
5.00%,1,0,Mghairiyeh Ech-Chouf,534,1,1
0.00%,0,0,Mghayreh Jbeil,1,0,0
0.00%,0,0,Mhaibib,3,0,0
1.00%,1,0,Mhaiydseh Rachaya,55,1,1
1.00%,1,0,Mhammaret,132,1,1
0.00%,1,0,Mharbiyeh,5,1,1
3.00%,1,0,Michmich Jbeil,346,1,1
0.00%,1,0,Midane Jezzine,18,1,1
27.00%,1,0,Mina,2891,1,1
27.00%,1,0,Minie,2816,1,1
6.00%,1,0,Minyara,625,1,1
6.00%,1,0,Miriata,669,1,1
9.00%,1,0,Miyeh ou Miyeh,908,1,1
9.00%,1,0,Miziara,906,1,1
0.00%,1,0,Mjaydel Jezzine,10,1,1
0.00%,1,0,Mlikh,50,1,1
0.00%,0,0,Mohtaqra,0,0,0
0.00%,1,0,Moqaylbeh,38,1,1
0.00%,0,0,Moqraq,22,0,1
0.00%,0,1,Moshrea,0,0,0
0.00%,1,0,Motel,0,1,1
0.00%,1,0,Mouanse,30,1,1
1.00%,1,0,Moukhtara,83,1,1
0.00%,1,0,Mounjez,34,1,1
3.00%,0,0,Mounsef,275,0,0
0.00%,1,0,Mqaiteaa,7,0,1
0.00%,1,0,Mrah El-Hbasse,4,1,1
0.00%,1,0,Mrah Es-Sfire,8,1,1
0.00%,1,0,Mrah Es-Srayj,50,1,1
0.00%,1,0,Mrah Ez Ziyat,0,1,1
0.00%,1,0,Mrah Kwakh,0,1,1
0.00%,1,0,Mraijat,2,1,1
2.00%,1,0,Mrayjat Zahleh,200,1,1
1.00%,1,0,Mristi,97,1,1
5.00%,1,0,Mrouj,509,1,1
16.00%,1,0,Mtayleb,1639,1,1
0.00%,1,0,Mtolleh,1,1,1
0.00%,1,0,Mzraat Kefraya,0,1,0
27.00%,1,0,Nabatiyeh,2831,1,1
5.00%,1,0,Nabatiyeh El-Faouka,495,1,1
8.00%,0,0,Nabay,850,0,0
0.00%,1,0,Nabha Ed-Damdoum,2,1,1
0.00%,1,0,Nabha Mehfara,3,1,1
0.00%,1,0,Nabha Qoudam,22,1,1
2.00%,0,0,Nabi Ayla,165,0,0
13.00%,1,0,Nabi Chit,1380,1,1
2.00%,1,0,Nabi Osmane,237,1,1
4.00%,1,0,Nahleh Baalbek,428,1,1
12.00%,0,0,Nahmeh,1314,0,0
9.00%,1,0,Nahr Ibrahim,957,1,1
3.00%,1,0,Najjariyeh,297,1,1
6.00%,1,0,Nakhleh,613,1,1
0.00%,1,0,Naoura El-Faouqa,0,1,1
0.00%,1,0,Nasriyet Zahleh,5,0,1
0.00%,1,0,Nfisseh,2,1,1
3.00%,1,0,Niha El-Chouf,270,1,1
1.00%,1,0,Niha Zahleh,117,1,1
1.00%,1,0,Nimrine,83,1,1
3.00%,1,0,Nmairiyeh,322,1,1
0.00%,1,0,Ouada,12,1,1
0.00%,1,0,Ouadi Baanqoudaine,27,1,1
0.00%,1,0,Ouadi Banhlay,1,1,1
0.00%,1,0,Ouadi Chahine,11,1,1
4.00%,1,0,Ouadi Chahrour El Aaoulia,438,1,1
5.00%,1,0,Ouadi Chahrour Es-Soufla,546,0,1
0.00%,1,0,Ouadi Ed-Deir,1,1,1
0.00%,1,0,Ouadi El-Haour,0,1,1
0.00%,0,1,Ouadi El-Karm El-Matn,0,0,0
0.00%,1,0,Ouadi El-Laymoun,1,1,1
0.00%,1,0,Ouadi Es-Sitt,1,1,1
0.00%,0,0,Ouadi Faara,0,1,0
3.00%,1,0,Ouadi Khaled,321,1,1
0.00%,1,0,Ouadi Nakhleh,47,1,1
0.00%,1,0,Ouadi Qannoubine,0,1,1
5.00%,1,0,Ouardaniyeh,575,1,1
2.00%,1,0,Ouarhaniyeh,165,1,1
0.00%,0,0,Ouata El-Jaouz,11,0,0
6.00%,1,0,Qaa Baalbek,611,1,1
3.00%,1,0,Qaa Er-Rim,273,1,1
7.00%,0,1,Qaaqaaiyet Ej-Jisr,689,0,0
1.00%,0,0,Qaaqaiyet Es-Snaoubar,140,0,0
2.00%,1,0,Qaaqour,232,1,1
2.00%,1,0,Qabaait,169,1,1
17.00%,1,0,Qabb Elias,1746,1,1
3.00%,0,0,Qabrikha,354,0,0
0.00%,1,0,Qachlaq,1,1,1
0.00%,1,0,Qahmez,5,1,1
2.00%,1,0,Qalaa,247,1,1
9.00%,1,0,Qalamoun,910,1,1
3.00%,1,0,Qalaouiyeh,318,1,1
1.00%,1,0,Qalhat,115,1,1
1.00%,1,0,Qannebet Salima,87,1,1
1.00%,1,0,Qantara,157,1,1
0.00%,0,0,Qantarat Aakkar,3,0,0
0.00%,1,0,Qanya,1,1,1
0.00%,1,0,Qaouzah,14,1,1
11.00%,1,0,Qaraaoun,1152,1,1
0.00%,1,0,Qarah Bach,37,1,1
1.00%,0,0,Qardaf,123,0,0
0.00%,1,0,Qarha,0,1,1
1.00%,0,0,Qarha Baalbek,56,1,0
0.00%,1,0,Qarhaiya,10,0,1
1.00%,1,0,Qarsaita,112,1,1
1.00%,1,0,Qartaba,146,1,1
4.00%,1,0,Qaser,372,1,1
0.00%,1,0,Qatrani,6,1,1
0.00%,1,0,Qattineh-Miniyeh,11,1,1
0.00%,1,0,Qaynour,0,1,1
0.00%,1,0,Qaytouleh,26,1,1
9.00%,1,0,Qbaiyat Aakkar,950,1,1
0.00%,1,0,Qelaya,11,1,1
3.00%,1,0,Qennabet Broummana,346,1,1
5.00%,1,0,Qennarit,492,1,1
0.00%,1,0,Qild Es Sabea,0,1,1
4.00%,1,0,Qlaiaa,413,1,1
0.00%,0,0,Qlaileh Harfoush,0,0,0
10.00%,1,0,Qlaileh Sour,1018,1,1
2.00%,1,0,Qleiaat Aakkar,168,1,1
7.00%,1,0,Qleiaat Kesrouane,696,1,1
0.00%,1,0,Qloud El-Baqieh,1,0,0
8.00%,1,0,Qmatiyeh,889,1,1
0.00%,1,0,Qnat,41,1,1
2.00%,1,0,Qobbayaa,189,1,1
5.00%,1,0,Qornayel,485,1,1
1.00%,1,0,Qornet Aakkar,60,0,1
7.00%,0,1,Qornet El-Hamra,761,0,0
1.00%,1,0,Qortada,76,1,1
1.00%,1,0,Qoubber Chamra,67,1,1
0.00%,1,0,Qounaitra,18,1,1
1.00%,1,0,Qoussaya,104,1,1
0.00%,1,0,Qraine,0,1,1
1.00%,1,0,Qraiyat,64,1,1
1.00%,1,0,Qraiyeh,93,1,1
0.00%,1,0,Qraiyet Jlayse,28,0,1
3.00%,1,0,Qraiyet Saida,287,1,1
1.00%,1,0,Qsaibet En-Nabatiyeh,133,1,1
5.00%,1,0,Qsarnaba,552,1,1
2.00%,1,0,Raachine,251,1,1
3.00%,1,0,Raait,346,1,1
0.00%,1,0,Rabb Et-Tlatine,51,1,1
17.00%,0,0,Rabieh,1838,1,0
7.00%,1,0,Rachaaine,790,1,1
2.00%,1,0,Rachaf,167,1,1
0.00%,1,0,Rachaiya El-Foukhar,9,1,1
5.00%,1,0,Rachaya El Wadi,476,1,1
2.00%,1,0,Rafid Rachaya,178,1,1
7.00%,1,0,Rahbeh,710,1,1
0.00%,1,0,Ram,12,1,1
0.00%,1,0,Ramlieh,8,1,1
1.00%,1,0,Ramyet Bent Jbeil,115,1,1
1.00%,1,0,Ras Baalbek Ech-Charqi,84,1,1
6.00%,0,0,Ras El Matn,668,0,0
1.00%,1,0,Ras El-Href,69,1,1
0.00%,1,0,Ras Kifa,51,0,1
10.00%,1,0,Ras Masqa,1051,1,1
0.00%,1,0,Rasha,0,1,1
0.00%,1,0,Rashana,17,1,1
0.00%,1,0,Rawda Bekaa,13,0,1
0.00%,1,0,Rawda Village,4,0,1
2.00%,1,0,Rayfoun,253,1,1
3.00%,1,0,Rechdibbine,277,1,1
0.00%,1,0,Richmaiya,45,1,1
0.00%,1,0,Rihan Jezzine,51,1,1
0.00%,1,0,Rihana,31,1,1
1.00%,1,0,Rihaniyet Aakkar,131,1,1
3.00%,1,0,Rihaniyet Minie,321,1,1
0.00%,1,0,Rijmeh,0,1,1
0.00%,1,0,Rimat,9,1,1
0.00%,1,0,Rimhala,17,1,1
4.00%,1,0,Rmadiyeh,399,0,1
7.00%,0,0,Rmaich,705,0,0
2.00%,1,0,Rmeilet Ech-Chouf,209,1,1
0.00%,1,0,Rouayssrt El-Ballout,41,1,1
1.00%,1,0,Roum,113,1,1
8.00%,1,0,Roumieh,832,0,1
2.00%,1,0,Roumine,209,0,1
0.00%,1,0,Saadine,25,0,1
12.00%,1,0,Saadnayel,1279,1,1
1.00%,0,0,Saaideh,92,0,0
0.00%,1,0,Sabbah,14,1,1
10.00%,1,0,Sadiqine,1059,1,1
3.00%,0,0,Safad Al-Battikh,343,0,0
13.00%,1,0,Safra Kesrouane,1368,1,1
3.00%,1,0,Saghbine,339,1,1
0.00%,1,0,Sahle,27,1,1
39.00%,1,0,Saida,4120,1,1
11.00%,1,0,Saksakiyeh,1139,1,1
1.00%,1,0,Salhiyet Saida,113,1,1
3.00%,1,0,Salima Baabda,355,0,1
0.00%,1,0,Sammaqiyeh,27,1,1
0.00%,0,0,Sanaya,13,0,0
5.00%,1,0,Saouanet Marjayoun,494,1,1
3.00%,0,0,Saoufar,345,0,0
21.00%,0,0,Sarafand,2188,0,0
2.00%,1,0,Sarba En-Nabatieh,239,1,1
0.00%,1,0,Sariita,0,1,1
5.00%,1,0,Sarin Fawqa,495,1,1
0.00%,1,0,Sayssouq,5,1,1
2.00%,1,0,Sebaal Zgharta,166,1,1
0.00%,1,0,Sehjoud,25,1,1
0.00%,1,0,Selaa,11,0,1
1.00%,1,0,Selaata,71,1,1
0.00%,1,0,Selfaya,1,1,1
5.00%,0,0,Semqaniyeh,517,0,0
1.00%,1,0,Seraal,86,1,1
4.00%,1,0,Serraaine Et-Tahta,371,1,1
0.00%,1,0,Sfaray,18,1,1
0.00%,1,0,Sfaynet El-Qaitaa,0,1,1
0.00%,1,0,Sfinet Ed-Draib,30,1,1
2.00%,1,0,Sfireh,166,1,1
0.00%,1,0,Shawagheer El-Faouqa,1,1,1
0.00%,1,0,Shayleh Kesrouane,41,1,1
7.00%,1,0,Sibline,726,1,1
1.00%,1,0,Sindianet Zeidane,55,0,1
1.00%,0,0,Sini,84,0,0
34.00%,1,0,Sinn El-Fil,3591,1,1
3.00%,0,0,Sir Ed-Danniyeh,365,0,0
6.00%,1,0,Sir El-Gharbiyeh,686,1,1
0.00%,1,0,Sirhmoul,4,1,1
0.00%,1,0,Sirjbal,20,1,1
13.00%,1,0,Sohmor,1420,1,1
3.00%,1,0,Soltan Yacoub el Aradi,314,1,1
3.00%,1,0,Souairi,298,1,1
0.00%,1,0,Souaisset Aakkar,4,1,1
0.00%,1,0,Soufaileh,16,1,1
3.00%,1,0,Soultaniyet Bent Jbeil,359,1,1
1.00%,0,0,Souq El-Gharb,151,0,0
139.00%,0,0,Sour,14656,0,0
0.00%,1,0,Srar,0,1,1
0.00%,1,0,Srayri,14,1,1
10.00%,1,0,Srifa,1006,1,1
1.00%,0,0,Srobbine,103,0,0
0.00%,0,1,Taaid,5,0,0
22.00%,1,0,Taalbaya,2361,1,1
0.00%,1,0,Taazaniyeh,0,1,1
10.00%,0,0,Tabarja,1032,0,0
159.00%,0,0,Tahouitat El Ghadir,16838,0,0
0.00%,1,0,Taibet Baalbek,16,1,1
0.00%,1,0,Tal Aabbas,4,1,1
2.00%,1,0,Talia,181,1,1
1.00%,1,0,Tall Aabbas Ech-Charqi,76,1,1
1.00%,1,0,Tall Bireh,96,1,1
1.00%,1,0,Tall Hmayra,112,1,1
0.00%,1,0,Tall Meaayan Tall Kiri,3,1,1
0.00%,0,1,Tall Znoub,32,0,0
0.00%,1,0,Tallet Chattaha,2,1,1
1.00%,1,0,Talloussa,158,1,1
1.00%,1,0,Tanbourit,87,1,1
1.00%,1,0,Tannoura,133,1,1
1.00%,1,0,Tannourine El-Faouqa,153,1,1
7.00%,1,0,Taraiya,733,1,1
0.00%,1,0,Tarchich,16,1,1
1.00%,1,0,Tartij,132,1,1
3.00%,1,0,Tawfiqiya,286,1,1
7.00%,0,0,Taybet Matjaayoun,692,0,0
12.00%,1,0,Tayr Debbeh,1229,1,1
3.00%,1,0,Tayr Falsay,363,1,1
2.00%,0,0,Tayr Harfa,161,0,0
2.00%,1,0,Teffahta,230,1,1
6.00%,1,0,Temnine El-Faouqa,595,1,1
13.00%,0,1,Temnine Et-Tahta,1405,0,0
5.00%,1,0,Terbol Zahleh,572,1,1
1.00%,1,0,Thoum,104,1,1
15.00%,1,0,Tibnine,1536,1,1
4.00%,1,0,Tikrit,394,1,1
1.00%,0,0,Tiri,113,0,0
1.00%,1,0,Tleil,119,1,1
0.00%,1,0,Torbol Menie,0,1,1
0.00%,1,0,Toula,1,1,1
0.00%,1,0,Toula El-Batroun,0,1,1
2.00%,1,0,Touline,230,1,1
10.00%,1,0,Toura,1052,1,1
91.00%,1,0,Trablous,9663,1,1
0.00%,1,0,Tshea,18,1,1
3.00%,1,0,Vidar,339,1,1
1.00%,1,0,Wadi Jezzine,55,1,1
3.00%,1,0,Yammouneh,307,1,1
3.00%,1,0,Yanouh Sour,304,1,1
2.00%,1,0,Yanta,190,1,1
2.00%,1,0,Yaroun,233,1,1
8.00%,1,0,Yater,798,1,1
3.00%,1,0,Yohmor En-Nabatiyeh,367,1,1
0.00%,1,0,Yohmor West Bekaa,36,1,1
4.00%,0,0,Younine,473,0,0
0.00%,1,0,Zaaitreh,41,1,1
5.00%,1,0,Zaarouriyeh,486,1,1
2.00%,1,0,Zabboud,201,1,1
0.00%,1,0,Zabbougha,20,1,1
0.00%,1,0,Zaghartaghrine,0,1,1
79.00%,1,0,Zahleh El-Maallaqa,8386,1,1
0.00%,0,0,Zahra,0,0,0
1.00%,1,0,Zaitoun,129,1,1
5.00%,1,0,Zakrit,560,1,1
1.00%,1,0,Zakroun,88,0,1
17.00%,0,1,Zalqa,1755,0,0
1.00%,0,1,Zandouqa,60,0,0
0.00%,1,0,Zaneh,32,1,1
5.00%,1,0,Zaoutar Ech-Charqiyeh,518,1,1
1.00%,1,0,Zaoutar El-Gharbiyeh,119,1,1
1.00%,0,0,Zaraaoun,105,0,0
0.00%,1,0,Zebdine,8,0,1
5.00%,0,0,Zebqine,497,0,0
6.00%,1,0,Zefta,627,1,1
1.00%,1,0,Zeita,72,1,1
37.00%,1,0,Zgharta-Ehden,3962,1,1
0.00%,1,0,Zhilta,1,1,1
1.00%,1,0,Zibdine En-Nabatiyeh,78,1,1
0.00%,0,0,Zighrine,17,0,0
0.00%,1,0,Zilaya,2,1,1
0.00%,1,0,Zouarib,49,1,1
52.00%,0,0,Zouk El-Kharab,5449,1,0
24.00%,1,0,Zouk Mkayel,2507,1,1
76.00%,1,0,Zouk Mousbeh,8015,1,1
0.00%,1,0,Zouq El Hosniyeh,13,0,1
0.00%,1,0,Zouq El-Hadara,8,1,1
0.00%,1,0,Zouq El-Hbalsa,19,1,1
9.00%,1,0,Zrariyeh,986,1,1
0.00%,1,0,Zrazeer,14,0,1
4.00%,0,0,aain Aalaq,417,0,0
7.00%,1,0,berqayel,779,1,1
0.00%,1,0,ebra wChouane,0,1,1
0.00%,1,0,hadtoun,0,1,1
0.00%,1,0,jouar Hasheesh,1,1,1
4.00%,1,0,mazboud,442,1,1
3.00%,1,0,shebaneye,281,1,1
1.00%,1,0,tarane,103,1,1
3.00%,0,0,yahchouch,280,0,0
0.00%,1,0,Mansoura.,0,1,1
